time_s,source,accepted,diversity_score,objective,pool_best_obj
0.0487255,worker_0,1,1,37322,inf
0.0491663,worker_1,0,0,37322,37322
0.0495456,worker_2,0,0,37322,37322
0.0684772,worker_1,0,0.0155844,37308.7,37322
0.0823326,worker_1,0,0.0233766,37299,37322
0.0962087,worker_1,0,0.0207792,37266.6,37322
0.110853,worker_1,0,0.025974,37259.6,37322
0.125291,worker_1,0,0.0337662,37259.1,37322
0.138223,worker_1,0,0.0467532,36717.4,37322
0.151212,worker_1,0,0.0571429,36342.9,35535.1
0.163452,worker_1,0,0.0649351,36011.8,35535.1
0.176385,worker_1,0,0.0727273,35782.6,35535.1
0.187729,worker_1,0,0.0831169,35706.7,35535.1
0.198439,worker_1,0,0.0935065,35657,35535.1
0.210357,worker_1,1,0.106494,35558.2,35535.1
0.222198,worker_1,0,0.012987,35490.8,35535.1
0.233371,worker_1,0,0.0233766,35253.1,35535.1
0.244556,worker_1,0,0.0363636,35189.4,35535.1
0.261544,worker_1,0,0.0493506,35138.2,26224.2
0.272629,worker_2,0,0.0103896,37039,26224.2
0.274872,worker_1,0,0.0649351,35111.8,26224.2
0.286039,worker_1,0,0.0805195,34979.3,26224.2
0.299484,worker_1,0,0.0987013,34954.2,26224.2
0.311804,worker_1,1,0.114286,34936.6,26224.2
0.32536,worker_1,0,0.0155844,34919.2,26224.2
0.337349,worker_1,0,0.0181818,34901.6,26224.2
0.348786,worker_1,0,0.0285714,34876.8,26224.2
0.360528,worker_1,0,0.0363636,34850.8,26224.2
0.374184,worker_1,0,0.0441558,34819.2,26224.2
0.386439,worker_0,1,0.324675,36720.2,26224.2
0.386453,worker_1,0,0.0493506,34797.5,26224.2
0.398757,worker_1,0,0.0545455,34771.2,26224.2
0.410689,worker_1,0,0.0545455,34741,26224.2
0.42295,worker_1,0,0.0701299,34711,26224.2
0.434995,worker_1,0,0.0727273,34692.6,26224.2
0.447913,worker_1,0,0.0779221,34627.1,26224.2
0.458748,worker_1,0,0.0831169,34563.4,26224.2
0.463405,worker_0,1,0.132468,36356.1,26224.2
0.469417,worker_1,0,0.0831169,34399.6,26224.2
0.480302,worker_1,0,0.0961039,34379,26224.2
0.483964,worker_2,0,0.0181818,36767.4,26224.2
0.491472,worker_1,1,0.101299,34345.6,26224.2
0.502199,worker_1,0,0.0103896,34327.7,26224.2
0.513102,worker_1,0,0.0233766,34304.7,26224.2
0.526282,worker_1,0,0.0363636,34289.1,26224.2
0.537931,worker_1,0,0.0519481,34271.4,26224.2
0.542606,worker_0,1,0.109091,35600.7,26224.2
0.550002,worker_1,0,0.0675325,34251.6,26224.2
0.561247,worker_1,0,0.0935065,34213.9,26224.2
0.573203,worker_1,1,0.106494,34197.9,26224.2
0.584875,worker_1,0,0.012987,34179.5,26224.2
0.596942,worker_1,0,0.0285714,34163.8,26224.2
0.59871,worker_0,1,0.114286,35027.5,26224.2
0.608942,worker_1,0,0.0623377,34114.5,26224.2
0.617052,worker_0,1,0.12987,34134.7,26224.2
0.621693,worker_1,0,0.0727273,34102.6,26224.2
0.633797,worker_1,0,0.0883117,34085.1,26224.2
0.646388,worker_1,0,0.0961039,34061.3,26224.2
0.657906,worker_1,1,0.101299,34044.8,26224.2
0.664954,worker_0,1,0.218182,33924.2,26224.2
0.669189,worker_1,0,0.0103896,34034.8,26224.2
0.680543,worker_1,0,0.0233766,34026.2,26224.2
0.692167,worker_1,0,0.038961,34014.9,26224.2
0.697126,worker_2,0,0.0233766,36649.3,26224.2
0.702911,worker_1,0,0.0545455,33997.4,26224.2
0.713681,worker_1,0,0.0545455,33955.7,26224.2
0.725663,worker_1,0,0.0649351,33946.5,26224.2
0.736619,worker_1,0,0.0727273,33935.8,26224.2
0.747906,worker_1,0,0.0727273,33926.5,26224.2
0.759258,worker_1,0,0.0883117,33896.4,26224.2
0.769723,worker_1,1,0.101299,33800.2,26224.2
0.780614,worker_1,0,0.0103896,33762.8,26224.2
0.791006,worker_1,0,0.0181818,33698.6,26224.2
0.80153,worker_1,0,0.025974,33674.8,26224.2
0.812607,worker_1,0,0.0337662,33651.5,26224.2
0.81476,worker_0,1,0.14026,33708.8,26224.2
0.823135,worker_1,0,0.0415584,33590.1,26224.2
0.833511,worker_1,0,0.0571429,33573.5,26224.2
0.843939,worker_1,0,0.0675325,33561.2,26224.2
0.855017,worker_1,0,0.0727273,33536.5,26224.2
0.865258,worker_1,0,0.0779221,33523.7,26224.2
0.867968,worker_0,1,0.2,33487,26224.2
0.875722,worker_1,0,0.0831169,33449.2,26224.2
0.886368,worker_1,0,0.0961039,33416.8,26224.2
0.897344,worker_1,1,0.109091,33411.5,26224.2
0.903805,worker_2,0,0.0285714,36588,26224.2
0.908363,worker_1,0,0.012987,33406.6,26224.2
0.925092,worker_1,0,0.025974,33396.3,26224.2
0.958737,worker_1,0,0.0415584,33386.4,26224.2
0.970647,worker_1,0,0.0519481,33375.5,26224.2
0.979234,worker_0,1,0.145455,33252.1,26224.2
0.982588,worker_1,0,0.0649351,33365.2,26224.2
0.994799,worker_1,0,0.0753247,33353.1,26224.2
1.0067,worker_1,0,0.0753247,33345.9,26224.2
1.01788,worker_1,0,0.0805195,33316.4,26224.2
1.02967,worker_1,0,0.0857143,33302.2,26224.2
1.04129,worker_1,0,0.0883117,33297,26224.2
1.05315,worker_1,1,0.101299,33269.4,26224.2
1.06506,worker_1,0,0.012987,33264.5,26224.2
1.0771,worker_1,0,0.0181818,33259.4,26224.2
1.08918,worker_1,0,0.025974,33250.2,26224.2
1.10093,worker_1,0,0.025974,33234.3,26224.2
1.11305,worker_1,0,0.0181818,33221.9,26224.2
1.12954,worker_1,0,0.0337662,33215.4,26224.2
1.14213,worker_1,0,0.0519481,33210.5,26224.2
1.14227,worker_2,0,0.038961,36526.1,26224.2
1.15405,worker_1,0,0.0623377,33206.4,26224.2
1.16883,worker_1,0,0.0649351,33194,26224.2
1.18383,worker_1,0,0.0727273,33169.6,26224.2
1.1962,worker_1,0,0.0857143,33166.8,26224.2
1.20788,worker_1,0,0.0987013,33164.5,26224.2
1.21991,worker_1,1,0.114286,33162.6,26224.2
1.23207,worker_1,0,0.0155844,33153.9,26224.2
1.24413,worker_1,0,0.0311688,33147.2,26224.2
1.25654,worker_1,0,0.0415584,33141.8,26224.2
1.26816,worker_1,0,0.0545455,33136,26224.2
1.28044,worker_1,0,0.0571429,33131.7,26224.2
1.29327,worker_1,0,0.0701299,33130.9,26224.2
1.30508,worker_1,0,0.0649351,33119.1,26224.2
1.31701,worker_1,0,0.0779221,33107.7,26224.2
1.33017,worker_1,0,0.0857143,33099.6,26224.2
1.34253,worker_1,0,0.0883117,33095.5,26224.2
1.35313,worker_2,0,0.0363636,36417.5,26224.2
1.37298,worker_1,0,0.0961039,33091.1,26224.2
1.48872,worker_0,1,0.18961,33079.6,26224.2
1.51978,worker_0,0,0.0857143,33009.1,26224.2
1.56303,worker_2,0,0.0363636,36379,26224.2
1.62309,worker_1,1,0.114286,33074.6,26224.2
1.6341,worker_1,0,0.012987,33028.3,26224.2
1.64431,worker_0,1,0.18961,32908.7,26224.2
1.64462,worker_1,0,0.025974,33004.8,26224.2
1.65535,worker_1,0,0.0363636,32987.3,26224.2
1.66602,worker_1,0,0.0467532,32954,26224.2
1.67673,worker_1,0,0.0571429,32938,26224.2
1.68793,worker_1,0,0.0675325,32907.2,26224.2
1.69885,worker_1,0,0.0753247,32886.6,26224.2
1.71008,worker_1,0,0.0909091,32875.1,26224.2
1.72176,worker_1,0,0.0961039,32746.1,26224.2
1.73334,worker_1,1,0.124675,32733.3,26224.2
1.74484,worker_1,0,0.0103896,32725.3,26224.2
1.75567,worker_1,0,0.0233766,32720.8,26224.2
1.76625,worker_1,0,0.0363636,32715.8,26224.2
1.76685,worker_2,0,0.0467532,36342.3,26224.2
1.77771,worker_1,0,0.0545455,32710.9,26224.2
1.7896,worker_1,0,0.0701299,32708.2,26224.2
1.80032,worker_1,0,0.0831169,32699.6,26224.2
1.81162,worker_1,0,0.0831169,32679.4,26224.2
1.82308,worker_1,0,0.0935065,32650.8,26224.2
1.83455,worker_1,0,0.0961039,32641.9,26224.2
1.8466,worker_1,1,0.101299,32637.5,26224.2
1.85831,worker_1,0,0.0103896,32630.9,26224.2
1.86979,worker_1,0,0.0233766,32629.1,26224.2
1.88135,worker_1,0,0.0363636,32615.8,26224.2
1.89316,worker_1,0,0.0519481,32613.2,26224.2
1.90449,worker_1,0,0.0623377,32608.7,26224.2
1.91562,worker_1,0,0.0831169,32592.3,26224.2
1.92829,worker_1,0,0.0831169,32590.6,26224.2
1.93255,hgs_child,1,0.496104,38351.7,26224.2
1.94014,worker_1,0,0.0805195,32588.7,26224.2
1.95043,worker_0,1,0.101299,32898.6,26224.2
1.95141,worker_1,0,0.0779221,32584.9,26224.2
1.97316,worker_2,0,0.0493506,36308.4,26224.2
2.03777,hgs_child,1,0.750649,30547.8,26224.2
2.0472,worker_1,1,0.109091,32564.8,26224.2
2.07246,worker_1,0,0.0155844,32557.6,26224.2
2.08435,worker_1,0,0.038961,32551.2,26224.2
2.09631,worker_1,0,0.0545455,32548.8,26224.2
2.10395,hgs_child,1,0.122078,26119,26224.2
2.1085,worker_1,0,0.0649351,32545.7,26119
2.12077,worker_1,0,0.0675325,32526.8,26119
2.13255,worker_1,0,0.0805195,32524.6,26119
2.17513,worker_0,1,0.103896,32553.7,26119
2.20451,hgs_child,1,0.771429,40960.5,26119
2.25253,worker_2,0,0.0597403,36268.1,26119
2.30509,hgs_child,1,0.766234,42842.6,26119
2.31751,worker_1,0,0.0909091,32524.4,26119
2.33014,worker_1,0,0.0987013,32503.5,26119
2.34198,worker_1,1,0.101299,32484.8,26119
2.35296,worker_1,0,0.0103896,32461.2,26119
2.3646,worker_1,0,0.0233766,32450.2,26119
2.37492,worker_0,1,0.111688,32052.2,26119
2.37637,worker_1,0,0.038961,32417.2,26119
2.38874,worker_1,0,0.0441558,32412,26119
2.40084,worker_1,0,0.0571429,32411.4,26119
2.40573,hgs_child,1,0.74026,43263.2,26119
2.41281,worker_1,0,0.0675325,32408.1,26119
2.42462,worker_1,0,0.0649351,32402.5,26119
2.43634,worker_1,0,0.0597403,32400.5,26119
2.44812,worker_1,0,0.0623377,32398.6,26119
2.45953,worker_2,0,0.0675325,36203.2,26119
2.50637,hgs_child,1,0.703896,39897.9,26119
2.60697,hgs_child,1,0.231169,32093,26119
2.66561,worker_2,0,0.0779221,36158.2,26119
2.66699,worker_0,1,0.475325,31720.8,26119
2.70772,hgs_child,1,0.72987,41391.4,26119
2.76141,worker_0,1,0.14026,31606.6,26119
2.80853,hgs_child,1,0.784416,40517,26119
2.87567,worker_2,0,0.0831169,36136.5,26119
2.87717,worker_1,1,0.111688,32390.4,26119
2.88857,worker_1,0,0.0155844,32388,26119
2.9003,worker_1,0,0.025974,32387.1,26119
2.90936,hgs_child,1,0.664935,40584.5,26119
2.91257,worker_1,0,0.025974,32375.4,26119
2.91365,worker_0,1,0.122078,31506.8,26119
2.92414,worker_1,0,0.0363636,32370.4,26119
2.93632,worker_1,0,0.0441558,32363.6,26119
2.93753,worker_0,1,0.153247,31461.3,26119
2.95216,worker_0,0,0.0701299,31420.8,26119
3.01029,hgs_child,1,0.709091,38203.7,26119
3.02082,worker_1,0,0.0545455,32361.8,26119
3.03242,worker_1,0,0.0597403,32358.2,26119
3.04418,worker_1,0,0.0675325,32355.8,26119
3.05708,worker_1,0,0.0779221,32355.3,26119
3.06926,worker_1,0,0.0753247,32354.4,26119
3.08796,worker_2,0,0.0935065,36116.5,26119
3.11125,hgs_child,1,0.680519,39624.8,26119
3.1529,worker_0,1,0.150649,31267.2,26119
3.18248,worker_0,0,0.0909091,31160.8,26119
3.20704,worker_0,1,0.181818,31085.9,26119
3.21218,hgs_child,1,0.207792,31955.1,26119
3.26565,worker_0,1,0.101299,30959.5,26119
3.28229,worker_1,1,0.135065,32241.9,26119
3.29382,worker_2,1,0.153247,36090.5,26119
3.2939,worker_1,0,0.00779221,32165.2,26119
3.30561,worker_1,0,0.0155844,31787.7,26119
3.31319,hgs_child,1,0.72987,42541.2,26119
3.31711,worker_1,0,0.025974,31769.1,26119
3.32876,worker_1,0,0.038961,31752.7,26119
3.34192,worker_1,0,0.0519481,31737.3,26119
3.3536,worker_1,0,0.0649351,31728.3,26119
3.36485,worker_1,0,0.0623377,31704.7,26119
3.37637,worker_1,0,0.0701299,31699.8,26119
3.38795,worker_1,0,0.0727273,31694.2,26119
3.39316,worker_0,1,0.267532,30795.4,26119
3.40132,worker_1,0,0.0831169,31689.6,26119
3.413,worker_1,0,0.0805195,31684.8,26119
3.41416,hgs_child,1,0.506494,39377.4,26119
3.42287,worker_0,0,0.0805195,30792.3,26119
3.42461,worker_1,0,0.0935065,31684.2,26119
3.43677,worker_1,1,0.103896,31684,26119
3.4382,worker_0,1,0.192208,30764.5,26119
3.44853,worker_1,0,0.012987,31678.4,26119
3.46051,worker_1,0,0.0207792,31677.9,26119
3.47255,worker_1,0,0.0285714,31677.2,26119
3.47718,worker_0,0,0.0831169,30720.1,26119
3.50113,worker_2,0,0.00779221,36068,26119
3.51513,hgs_child,1,0.246753,33381.7,26119
3.51595,worker_1,0,0.0441558,26099.2,26119
3.52537,worker_1,0,0.0467532,26055.5,26119
3.53497,worker_1,0,0.0597403,26041.9,26119
3.5372,worker_0,1,0.215584,30676.8,26119
3.54515,worker_1,0,0.0701299,26039,26119
3.55339,worker_0,0,0.0883117,30664.5,26119
3.55533,worker_1,0,0.0753247,26037.7,26119
3.56238,worker_0,1,0.12987,30585.7,26119
3.56479,worker_1,0,0.0805195,26035.9,26119
3.57482,worker_1,0,0.0831169,26033.9,26119
3.57859,worker_0,0,0.0545455,30528.7,26119
3.58459,worker_1,0,0.0779221,26032.7,26119
3.61124,worker_0,1,0.171429,30442.5,26119
3.61614,hgs_child,1,0.381818,37261.2,26119
3.61891,worker_0,0,0.0857143,30426.5,26119
3.65628,worker_0,1,0.124675,30407,26119
3.70653,worker_2,0,0.0155844,36051.9,26119
3.79668,worker_1,0,0.0909091,26023,26119
3.81732,hgs_child,1,0.496104,35596.3,26119
3.89989,worker_0,1,0.288312,30401.6,26119
3.91094,worker_2,0,0.0233766,36038,26119
3.94573,worker_0,1,0.122078,30385.9,26119
3.97833,worker_1,0,0.0987013,26018.8,26119
4.01848,hgs_child,1,0.527273,42769.6,26119
4.03449,worker_1,1,0.103896,26011.1,26119
4.1195,hgs_child,1,0.602597,39950.8,26011.1
4.12075,worker_2,1,0.122078,36023.7,26011.1
4.22054,hgs_child,1,0.384416,35596.1,26011.1
4.26298,worker_0,1,0.327273,30385.4,26011.1
4.3006,worker_0,0,0.0675325,30350.8,26011.1
4.32202,hgs_child,1,0.366234,38152.6,26011.1
4.32532,worker_2,1,0.119481,36013.1,26011.1
4.34205,worker_0,1,0.119481,30347.4,26011.1
4.37987,worker_0,1,0.205195,30102.7,26011.1
4.42313,hgs_child,1,0.675325,36943.4,26011.1
4.48317,worker_0,0,0.0597403,30057.2,26011.1
4.52436,hgs_child,1,0.519481,31094.3,26011.1
4.53358,worker_2,1,0.111688,35988.1,26011.1
4.63163,worker_0,0,0.0935065,29979.5,26011.1
4.6557,worker_0,1,0.181818,29937.5,26011.1
4.67692,worker_0,0,0.0701299,29924.9,26011.1
4.72551,hgs_child,1,0.802597,41019.1,26011.1
4.73511,worker_2,1,0.119481,35972.8,26011.1
4.80229,worker_0,1,0.27013,29807.6,26011.1
4.82647,hgs_child,1,0.314286,38015.8,26011.1
4.88601,worker_0,1,0.176623,29785.9,26011.1
4.925,worker_0,0,0.0961039,29726.5,26011.1
4.92753,hgs_child,1,0.766234,44060.4,26011.1
4.94376,worker_2,1,0.111688,35966.4,26011.1
4.97233,worker_0,1,0.272727,29722.5,26011.1
4.97976,worker_0,0,0.0441558,29664.4,26011.1
5.02848,hgs_child,1,0.202597,30767.2,26011.1
5.04177,worker_0,1,0.142857,29578.8,26011.1
5.05061,worker_2,1,0.111688,35961.3,26011.1
5.12953,hgs_child,1,0.742857,41047,26011.1
5.23054,hgs_child,1,0.41039,35573.3,26011.1
5.33166,hgs_child,1,0.363636,38974,26011.1
5.43263,hgs_child,1,0.233766,31028.5,26011.1
5.5337,hgs_child,1,0.750649,39885.2,26011.1
5.6348,hgs_child,1,0.475325,32463.2,26011.1
5.73586,hgs_child,1,0.327273,31485.4,26011.1
5.83692,hgs_child,1,0.483117,39590.4,26011.1
5.93807,hgs_child,1,0.25974,31218.5,26011.1
6.03907,hgs_child,1,0.288312,34071.8,26011.1
6.14042,hgs_child,1,0.309091,33111.2,26011.1
6.24137,hgs_child,1,0.27013,37029.3,26011.1
6.34234,hgs_child,1,0.163636,29780.5,26011.1
6.44336,hgs_child,1,0.275325,32370.7,26011.1
6.5445,hgs_child,1,0.58961,36856.6,26011.1
6.64559,hgs_child,1,0.753247,37770.4,26011.1
6.66027,worker_0,1,0.732468,29548.1,26011.1
6.68322,worker_0,0,0.0727273,29415.5,26011.1
6.74659,hgs_child,1,0.358442,32752.6,26011.1
6.78597,worker_0,1,0.290909,29160.6,26011.1
6.84224,worker_0,0,0.0675325,29140.2,26011.1
6.84756,hgs_child,1,0.277922,29774.8,26011.1
6.90124,worker_0,1,0.181818,29110,26011.1
6.94927,hgs_child,1,0.477922,38164.5,26011.1
7.02462,worker_0,1,0.142857,29107.1,26011.1
7.03301,worker_0,1,0.103896,29007.4,26011.1
7.04916,worker_0,0,0.0623377,28971.4,26011.1
7.05029,hgs_child,1,0.52987,37416.9,26011.1
7.0584,worker_0,1,0.135065,28962.2,26011.1
7.15176,hgs_child,1,0.337662,37486.1,26011.1
7.1645,worker_2,1,0.316883,35956.1,26011.1
7.22457,worker_0,1,0.298701,28891.1,26011.1
7.25279,hgs_child,1,0.6,38853,26011.1
7.28267,worker_0,0,0.012987,28889.3,26011.1
7.35434,hgs_child,1,0.376623,38850.4,26011.1
7.37131,worker_2,1,0.319481,35947.4,26011.1
7.49552,hgs_child,1,0.677922,33471.2,26011.1
7.59668,hgs_child,1,0.38961,38856,26011.1
7.6442,worker_2,1,0.316883,35939.9,26011.1
7.69764,hgs_child,1,0.316883,32154.8,26011.1
7.71452,worker_0,1,0.441558,28886.6,26011.1
7.72233,worker_0,0,0.0155844,28878.2,26011.1
7.7303,worker_0,0,0.0493506,28832.9,26011.1
7.73774,worker_0,0,0.0987013,28730.6,26011.1
7.79312,worker_0,1,0.275325,28675.3,26011.1
7.79866,hgs_child,1,0.576623,42941.4,26011.1
7.84817,worker_2,1,0.309091,35926.5,26011.1
7.89962,hgs_child,1,0.192208,28164.1,26011.1
7.95551,worker_0,1,0.376623,28397.7,26011.1
7.9862,worker_0,0,0.0935065,28320.2,26011.1
7.99451,worker_0,1,0.116883,28310.3,26011.1
8.0006,hgs_child,1,0.387013,35443.9,26011.1
8.04868,worker_0,1,0.106494,28212.3,26011.1
8.05217,worker_2,1,0.314286,35897.1,26011.1
8.06392,worker_0,0,0.0727273,28196.3,26011.1
8.07974,worker_0,0,0.0909091,28153.7,26011.1
8.10163,hgs_child,1,0.61039,37451.4,26011.1
8.11121,worker_0,1,0.187013,28046,26011.1
8.1185,worker_0,0,0.0935065,27976.3,26011.1
8.20262,hgs_child,1,0.371429,37740.6,26011.1
8.25908,worker_2,1,0.314286,35882.9,26011.1
8.30362,hgs_child,1,0.381818,32198.8,26011.1
8.37018,worker_0,1,0.381818,27897,26011.1
8.40484,hgs_child,1,0.293506,34863.8,26011.1
8.4241,worker_0,1,0.142857,27850.6,26011.1
8.43843,worker_0,0,0.0701299,27836.2,26011.1
8.45412,worker_0,1,0.111688,27816.4,26011.1
8.46352,worker_2,1,0.314286,35878.4,26011.1
8.49815,worker_0,0,0.0519481,27782,26011.1
8.50593,hgs_child,1,0.768831,39106.1,26011.1
8.50679,worker_0,1,0.111688,27751.9,26011.1
8.52963,worker_0,0,0.0675325,27710,26011.1
8.56042,worker_0,0,0.0675325,27705.7,26011.1
8.56837,worker_0,0,0.0883117,27656.7,26011.1
8.59135,worker_0,1,0.119481,27649.2,26011.1
8.59851,worker_0,0,0.0337662,27632.3,26011.1
8.60577,worker_0,0,0.0805195,27611.4,26011.1
8.60698,hgs_child,1,0.831169,37270.9,26011.1
8.67513,worker_2,1,0.324675,35876.5,26011.1
8.70413,worker_0,1,0.236364,27606.6,26011.1
8.70793,hgs_child,1,0.25974,31009.8,26011.1
8.81299,hgs_child,1,0.607792,37405.1,26011.1
8.89289,worker_2,1,0.327273,35873.2,26011.1
8.91396,hgs_child,1,0.241558,31371.8,26011.1
9.01529,hgs_child,1,0.685714,38578.6,26011.1
9.09386,worker_0,1,0.337662,27591.2,26011.1
9.10154,worker_0,0,0.0441558,27570.3,26011.1
9.11138,worker_2,1,0.32987,35871.7,26011.1
9.1163,hgs_child,1,0.451948,32975.8,26011.1
9.11638,worker_0,0,0.0935065,27547.2,26011.1
9.16172,worker_0,1,0.212987,27531.9,26011.1
9.18444,worker_0,0,0.0311688,27478.3,26011.1
9.19166,worker_0,0,0.0779221,27454.7,26011.1
9.21741,hgs_child,1,0.716883,32578.4,26011.1
9.22793,worker_0,0,0.0779221,27441.5,26011.1
9.23483,worker_0,0,0.0909091,27420.5,26011.1
9.25759,worker_0,1,0.103896,27415.7,26011.1
9.26504,worker_0,0,0.025974,27396,26011.1
9.28198,worker_1,0,0.0285714,25918.3,26011.1
9.30564,worker_1,0,0.0441558,25898.9,26011.1
9.31817,worker_2,1,0.32987,35868.9,26011.1
9.31912,hgs_child,1,0.579221,35269.2,26011.1
9.52033,hgs_child,1,0.618182,34275.5,26011.1
9.52868,worker_2,1,0.335065,35867.3,26011.1
9.62136,hgs_child,1,0.574026,36824.2,26011.1
9.72232,hgs_child,1,0.244156,33856.8,26011.1
9.7356,worker_2,1,0.345455,35830.5,26011.1
9.8234,hgs_child,1,0.18961,30631.6,26011.1
9.92449,hgs_child,1,0.722078,37373.5,26011.1
9.94104,worker_2,1,0.355844,35829.3,26011.1
9.96904,hgs_child,1,0.231169,30201.8,26011.1
10.052,worker_2,1,0.353247,35595.1,26011.1
10.07,hgs_child,1,0.275325,33082,26011.1
10.1712,hgs_child,1,0.34026,32663.9,26011.1
10.2734,hgs_child,1,0.732468,34711.9,26011.1
10.3884,hgs_child,1,0.750649,38467.3,26011.1
10.5126,hgs_child,1,0.314286,33674.9,26011.1
10.6135,hgs_child,1,0.168831,30436.8,26011.1
10.7162,hgs_child,1,0.355844,35852,26011.1
10.8174,hgs_child,1,0.475325,40254.3,26011.1
10.9185,hgs_child,1,0.714286,34431.5,26011.1
11.0195,hgs_child,1,0.251948,36031.3,26011.1
11.1207,hgs_child,1,0.675325,33803.1,26011.1
11.222,hgs_child,1,0.438961,37904.3,26011.1
11.3231,hgs_child,1,0.724675,41676.3,26011.1
11.4244,hgs_child,1,0.633766,39966.4,26011.1
11.5254,hgs_child,1,0.542857,37639.1,26011.1
11.6265,hgs_child,1,0.823377,37080.8,26011.1
11.7274,hgs_child,1,0.223377,32928.6,26011.1
11.8286,hgs_child,1,0.714286,38194.5,26011.1
11.9295,hgs_child,1,0.18961,35439.9,26011.1
12.032,hgs_child,1,0.319481,35121.6,26011.1
12.133,hgs_child,1,0.732468,44395.5,26011.1
12.2344,hgs_child,1,0.667532,37728.1,26011.1
12.3355,hgs_child,1,0.657143,36794.7,26011.1
12.4365,hgs_child,1,0.311688,39768.9,26011.1
12.5376,hgs_child,1,0.303896,34423.8,26011.1
12.6385,hgs_child,1,0.158442,38470,26011.1
12.7396,hgs_child,1,0.592208,37534.2,26011.1
12.8406,hgs_child,1,0.574026,38037.7,26011.1
12.9417,hgs_child,1,0.680519,34217.9,26011.1
13.0293,hgs_child,1,0.18961,27353.5,26011.1
13.1303,hgs_child,1,0.490909,40138.7,26011.1
13.2313,hgs_child,1,0.423377,36848.5,26011.1
13.4327,hgs_child,1,0.696104,37252.9,26011.1
13.5337,hgs_child,1,0.353247,31488.7,26011.1
13.6347,hgs_child,1,0.379221,31854.5,26011.1
13.7356,hgs_child,1,0.225974,29514.3,26011.1
13.8367,hgs_child,1,0.67013,36732.8,26011.1
13.9377,hgs_child,1,0.192208,30093,26011.1
14.0395,hgs_child,1,0.781818,39439.5,26011.1
14.1406,hgs_child,1,0.8,36902.3,26011.1
14.242,hgs_child,1,0.581818,38456.9,26011.1
14.3433,hgs_child,1,0.781818,39759.3,26011.1
14.4444,hgs_child,1,0.701299,36504.9,26011.1
14.4971,worker_0,1,0.779221,27373.9,26011.1
14.5391,worker_0,1,0.18961,27352,26011.1
14.5454,hgs_child,1,0.376623,36760.9,26011.1
14.5805,worker_0,0,0.038961,27343,26011.1
14.6045,worker_0,1,0.106494,27249.6,26011.1
14.6463,hgs_child,1,0.207792,35030.4,26011.1
14.7473,hgs_child,1,0.280519,29514.2,26011.1
14.8483,hgs_child,1,0.301299,31302.1,26011.1
14.9494,hgs_child,1,0.594805,36777.3,26011.1
15.0504,hgs_child,1,0.387013,37657.7,26011.1
15.1513,hgs_child,1,0.187013,27901.5,26011.1
15.2523,hgs_child,1,0.249351,28023,26011.1
15.3534,hgs_child,1,0.228571,29506.5,26011.1
15.4548,hgs_child,1,0.672727,40632.7,26011.1
15.5559,hgs_child,1,0.368831,35996.5,26011.1
15.6568,hgs_child,1,0.220779,28359.8,26011.1
15.723,hgs_child,1,0.103896,26118.4,26011.1
15.8241,hgs_child,1,0.737662,37600.7,26011.1
15.9251,hgs_child,1,0.628571,36172.5,26011.1
16.0262,hgs_child,1,0.703896,39734.6,26011.1
16.0435,worker_0,1,0.579221,27215.1,26011.1
16.0503,worker_0,0,0.0883117,27214.2,26011.1
16.0824,worker_0,1,0.166234,27206.2,26011.1
16.0909,worker_0,0,0.0545455,27205.4,26011.1
16.1061,worker_0,1,0.119481,27124.4,26011.1
16.1272,hgs_child,1,0.381818,31806.5,26011.1
16.1287,worker_2,1,0.646753,35535.2,26011.1
16.1298,worker_0,1,0.142857,27106.3,26011.1
16.1368,worker_0,0,0.0285714,27084.5,26011.1
16.1513,worker_0,0,0.0909091,27058.9,26011.1
16.1595,worker_0,1,0.18961,27053,26011.1
16.1747,worker_0,0,0.0181818,27051.4,26011.1
16.1818,worker_0,0,0.0441558,27049.6,26011.1
16.1896,worker_0,1,0.132468,27017.9,26011.1
16.2283,hgs_child,1,0.802597,42590.6,26011.1
16.3242,worker_0,1,0.275325,26978.8,26011.1
16.3293,hgs_child,1,0.735065,36288.2,26011.1
16.3311,worker_0,0,0.0311688,26972.4,26011.1
16.3407,worker_2,1,0.649351,35489.6,26011.1
16.3602,worker_0,1,0.155844,26865.9,26011.1
16.3672,worker_0,0,0.0545455,26851.7,26011.1
16.3742,worker_0,0,0.0779221,26836.8,26011.1
16.3815,worker_0,0,0.0779221,26830.5,26011.1
16.3898,worker_0,1,0.119481,26828.5,26011.1
16.4056,worker_0,0,0.012987,26827.8,26011.1
16.4127,worker_0,0,0.0701299,26796.7,26011.1
16.4287,worker_0,1,0.127273,26730.2,26011.1
16.4303,hgs_child,1,0.431169,35762.2,26011.1
16.4441,worker_0,0,0.0935065,26669.5,26011.1
16.4682,worker_0,1,0.111688,26653.6,26011.1
16.5314,hgs_child,1,0.651948,34103.5,26011.1
16.5687,worker_2,1,0.649351,35445.4,26011.1
16.6325,hgs_child,1,0.703896,36086.7,26011.1
16.7335,hgs_child,1,0.215584,30879.9,26011.1
16.794,worker_2,1,0.649351,35400.8,26011.1
16.8123,worker_0,1,0.387013,26653.3,26011.1
16.8195,worker_0,0,0.0493506,26627.1,26011.1
16.8271,worker_0,1,0.101299,26588,26011.1
16.8345,hgs_child,1,0.485714,31958.7,26011.1
16.8346,worker_0,0,0.00519481,26584,26011.1
16.8793,worker_0,1,0.122078,26572,26011.1
16.9355,hgs_child,1,0.220779,33267.2,26011.1
17.0031,worker_2,1,0.649351,35391.5,26011.1
17.0373,hgs_child,1,0.47013,37787.8,26011.1
17.1385,hgs_child,1,0.631169,34105.6,26011.1
17.2154,worker_2,1,0.646753,35376.3,26011.1
17.2395,hgs_child,1,0.742857,36500.5,26011.1
17.3406,hgs_child,1,0.657143,31049.9,26011.1
17.4238,worker_2,1,0.646753,35369.9,26011.1
17.4415,hgs_child,1,0.137662,28999.6,26011.1
17.5426,hgs_child,1,0.605195,36461.5,26011.1
17.6342,worker_2,1,0.644156,35363.9,26011.1
17.6441,hgs_child,1,0.766234,37856.6,26011.1
17.745,hgs_child,1,0.21039,31080.8,26011.1
17.8448,worker_2,1,0.67013,35334.2,26011.1
17.8461,hgs_child,1,0.612987,32914.2,26011.1
17.9482,hgs_child,1,0.444156,35170.3,26011.1
18.0469,hgs_child,1,0.241558,29609.8,26011.1
18.0548,worker_2,1,0.67013,35328,26011.1
18.1479,hgs_child,1,0.755844,40665.7,26011.1
18.249,hgs_child,1,0.485714,42613.2,26011.1
18.2689,worker_2,1,0.667532,35322.5,26011.1
18.35,hgs_child,1,0.376623,36788.8,26011.1
18.451,hgs_child,1,0.768831,38184.5,26011.1
18.485,worker_2,1,0.67013,35306.2,26011.1
18.552,hgs_child,1,0.158442,28974.6,26011.1
18.653,hgs_child,1,0.181818,28773,26011.1
18.6971,worker_2,1,0.667532,35245.9,26011.1
18.7541,hgs_child,1,0.462338,35144.3,26011.1
18.8551,hgs_child,1,0.267532,32673.4,26011.1
18.8648,worker_0,1,0.657143,26556.9,26011.1
18.8801,worker_0,0,0.0675325,26551.9,26011.1
18.8955,worker_0,0,0.0753247,26549.5,26011.1
18.9034,worker_0,0,0.0987013,26512.3,26011.1
18.9087,worker_2,1,0.67013,35233.7,26011.1
18.9344,worker_0,1,0.158442,26488.4,26011.1
18.9413,worker_0,0,0.00779221,26488,26011.1
18.9561,hgs_child,1,0.490909,29293.2,26011.1
19.0573,hgs_child,1,0.820779,39997.4,26011.1
19.1245,worker_2,1,0.672727,35225.9,26011.1
19.1584,hgs_child,1,0.407792,36464.2,26011.1
19.2594,hgs_child,1,0.615584,31052.4,26011.1
19.2783,worker_0,1,0.579221,26482.5,26011.1
19.2851,worker_0,0,0.0311688,26470,26011.1
19.3075,worker_0,0,0.0987013,26454.4,26011.1
19.3156,worker_0,1,0.122078,26426.9,26011.1
19.3359,worker_2,1,0.67013,35222.4,26011.1
19.3604,hgs_child,1,0.194805,26333.4,26011.1
19.4614,hgs_child,1,0.267532,33774.3,26011.1
19.5463,worker_2,1,0.662338,35214.4,26011.1
19.5623,hgs_child,1,0.322078,35008.6,26011.1
19.6195,worker_0,1,0.550649,26420.4,26011.1
19.6549,worker_0,0,0.0649351,26397.8,26011.1
19.6628,worker_0,1,0.135065,26328.8,26011.1
19.6636,hgs_child,1,0.6,34558.1,26011.1
19.6934,worker_0,1,0.111688,26326.1,26011.1
19.7008,worker_0,0,0.0285714,26311.6,26011.1
19.7078,worker_0,0,0.0493506,26299.7,26011.1
19.7365,worker_0,0,0.0675325,26295.7,26011.1
19.7559,worker_2,1,0.683117,35213.6,26011.1
19.7646,hgs_child,1,0.527273,42802.9,26011.1
19.7659,worker_0,1,0.109091,26289.2,26011.1
19.7867,worker_0,0,0.0207792,26281.1,26011.1
19.8158,worker_0,0,0.0571429,26274.1,26011.1
19.9659,hgs_child,1,0.784416,33998.6,26011.1
19.9669,worker_2,1,0.683117,35213.4,26011.1
20.0646,hgs_child,1,0.171429,27263.1,26011.1
20.0811,worker_0,1,0.132468,26244.9,26011.1
20.0906,worker_0,0,0.038961,26238,26011.1
20.1657,hgs_child,1,0.8,40051.9,26011.1
20.2668,hgs_child,1,0.519481,39414.8,26011.1
20.3678,hgs_child,1,0.319481,38481.1,26011.1
20.4688,hgs_child,1,0.618182,39289.9,26011.1
20.5698,hgs_child,1,0.480519,32575.5,26011.1
20.6712,hgs_child,1,0.677922,35715.5,26011.1
20.8724,hgs_child,1,0.784416,35851.8,26011.1
20.9735,hgs_child,1,0.623377,36938,26011.1
21.075,hgs_child,1,0.703896,40367.2,26011.1
21.176,hgs_child,1,0.371429,33284.8,26011.1
21.2776,hgs_child,1,0.605195,33284.4,26011.1
21.3788,hgs_child,1,0.618182,33975.8,26011.1
21.3996,worker_1,0,0.0493506,25896,26011.1
21.4799,hgs_child,1,0.303896,33757.7,26011.1
21.5808,hgs_child,1,0.280519,28938.1,26011.1
21.6818,hgs_child,1,0.290909,35475.4,26011.1
21.7253,worker_1,0,0.0597403,25888.3,26011.1
21.7577,worker_1,0,0.0987013,25864.1,26011.1
21.7828,hgs_child,1,0.322078,29408.3,26011.1
21.884,hgs_child,1,0.27013,33108.6,26011.1
21.9849,hgs_child,1,0.485714,34495.9,26011.1
22.0867,hgs_child,1,0.327273,29923.1,26011.1
22.1876,hgs_child,1,0.145455,27846.4,26011.1
22.2887,hgs_child,1,0.688312,37552.6,26011.1
22.4898,hgs_child,1,0.241558,37413.2,26011.1
22.5908,hgs_child,1,0.490909,33442,26011.1
22.7922,hgs_child,1,0.651948,42165.7,26011.1
22.8932,hgs_child,1,0.207792,26758.3,26011.1
22.9859,worker_2,1,0.683117,35161.3,26011.1
22.9942,hgs_child,1,0.706494,35502.9,26011.1
23.0954,hgs_child,1,0.368831,31851.1,26011.1
23.1939,hgs_child,1,0.150649,26139.2,26011.1
23.1967,worker_2,1,0.688312,35143.5,26011.1
23.2489,hgs_child,0,0.0935065,26455.8,26011.1
23.3498,hgs_child,1,0.418182,35189.3,26011.1
23.4005,worker_2,1,0.688312,35101.2,26011.1
23.4509,hgs_child,1,0.672727,31485.2,26011.1
23.5519,hgs_child,1,0.771429,33849.4,26011.1
23.6076,worker_2,1,0.685714,35079.6,26011.1
23.653,hgs_child,1,0.472727,31545.1,26011.1
23.7214,hgs_child,1,0.158442,28717.8,26011.1
23.817,worker_2,1,0.688312,35059.4,26011.1
23.8225,hgs_child,1,0.496104,34634,26011.1
23.9234,hgs_child,1,0.181818,30545.1,26011.1
24.0245,hgs_child,1,0.187013,26868.2,26011.1
24.0275,worker_2,1,0.688312,35041.8,26011.1
24.1255,hgs_child,1,0.166234,28524.3,26011.1
24.1336,worker_0,1,0.719481,26215.3,26011.1
24.141,worker_0,0,0.0519481,26195.1,26011.1
24.191,worker_0,1,0.12987,26153.2,26011.1
24.2188,worker_0,0,0.00779221,26150,26011.1
24.2265,hgs_child,1,0.724675,35103.1,26011.1
24.2266,worker_0,0,0.0857143,26148.6,26011.1
24.2431,worker_2,1,0.680519,35021.8,26011.1
24.3275,hgs_child,1,0.467532,34241.1,26011.1
24.4553,worker_2,1,0.680519,34773.3,26011.1
24.5214,worker_0,1,0.376623,26106,26011.1
24.5286,hgs_child,1,0.423377,33991.7,26011.1
24.5292,worker_0,0,0.025974,26095.2,26011.1
24.5446,worker_0,0,0.0519481,26081,26011.1
24.5528,worker_0,0,0.0597403,26039.9,26011.1
24.5678,worker_0,0,0.0987013,26034.9,26011.1
24.5831,worker_0,1,0.122078,26030.9,26011.1
24.6296,hgs_child,1,0.202597,29660.5,26011.1
24.6325,worker_0,1,0.132468,26021.7,26011.1
24.6611,worker_0,0,0.0311688,26018.6,26011.1
24.666,worker_2,1,0.677922,34762.5,26011.1
24.7306,hgs_child,1,0.709091,31648.7,26011.1
24.8317,hgs_child,1,0.797403,36997.6,26011.1
24.8848,worker_2,1,0.675325,34752.1,26011.1
24.9327,hgs_child,1,0.657143,32561.1,26011.1
25.0338,hgs_child,1,0.735065,38916.6,26011.1
25.0545,worker_2,1,0.672727,34742.1,26011.1
25.1356,hgs_child,1,0.303896,27027.8,26011.1
25.1923,worker_0,1,0.174026,26013.4,26011.1
25.2366,hgs_child,1,0.675325,34088.8,26011.1
25.3005,worker_2,1,0.672727,34713.8,26011.1
25.3377,hgs_child,1,0.753247,38839.6,26011.1
25.4034,hgs_child,1,0.163636,26719.5,26011.1
25.429,worker_0,1,0.397403,25990.9,26011.1
25.4426,worker_0,0,0.0363636,25947.2,25990.9
25.4517,worker_0,0,0.0727273,25931.2,25990.9
25.4587,worker_0,0,0.0857143,25930.7,25990.9
25.4812,worker_0,1,0.145455,25921,25990.9
25.5048,hgs_child,1,0.54026,32930.8,25921
25.5161,worker_2,1,0.667532,34704.4,25921
25.5547,hgs_child,1,0.116883,26308.3,25921
25.6557,hgs_child,1,0.233766,30409.2,25921
25.73,worker_2,1,0.662338,34694.3,25921
25.7309,worker_0,1,0.296104,25882.2,25921
25.7567,hgs_child,1,0.779221,36070.3,25882.2
25.8578,hgs_child,1,0.475325,38168.6,25882.2
25.8763,worker_0,1,0.262338,25850.4,25882.2
25.9014,worker_0,0,0.012987,25849.7,25850.4
25.941,worker_2,1,0.65974,34659.1,25850.4
25.9588,hgs_child,1,0.72987,41626.3,25850.4
26.0599,hgs_child,1,0.768831,41808.4,25850.4
26.1543,worker_2,1,0.65974,34634.6,25850.4
26.1613,hgs_child,1,0.236364,32341.5,25850.4
26.2626,hgs_child,1,0.763636,33913.7,25850.4
26.3655,worker_2,1,0.664935,34607.4,25850.4
26.4638,hgs_child,1,0.527273,34860.3,25850.4
26.5648,hgs_child,1,0.335065,29265.9,25850.4
26.5779,worker_2,1,0.664935,34592.5,25850.4
26.6658,hgs_child,1,0.324675,32513.9,25850.4
26.6677,worker_1,1,0.111688,25861.7,25850.4
26.7668,hgs_child,1,0.212987,28586.3,25850.4
26.7944,worker_2,1,0.667532,34582.7,25850.4
26.8678,hgs_child,1,0.490909,36553,25850.4
26.9907,hgs_child,1,0.587013,33744.8,25850.4
27.0926,hgs_child,1,0.667532,35362.3,25850.4
27.0976,worker_2,1,0.667532,34573.7,25850.4
27.1936,hgs_child,1,0.18961,26227.6,25850.4
27.2946,hgs_child,1,0.306494,30291.6,25850.4
27.3103,worker_2,1,0.667532,34553.2,25850.4
27.3957,hgs_child,1,0.594805,40688.5,25850.4
27.4968,hgs_child,1,0.703896,30683.5,25850.4
27.5303,worker_2,1,0.67013,34505.3,25850.4
27.5979,hgs_child,1,0.722078,40093,25850.4
27.6989,hgs_child,1,0.805195,37093.8,25850.4
27.7395,worker_2,1,0.67013,34488.4,25850.4
27.8001,hgs_child,1,0.361039,31984.9,25850.4
27.9013,hgs_child,1,0.745455,29629.8,25850.4
27.9497,worker_2,1,0.675325,34474,25850.4
28.0023,hgs_child,1,0.428571,32890.9,25850.4
28.1033,hgs_child,1,0.342857,30579.3,25850.4
28.1636,worker_2,1,0.675325,34465.3,25850.4
28.2046,hgs_child,1,0.758442,32210.9,25850.4
28.3056,hgs_child,1,0.337662,34634.2,25850.4
28.3741,worker_2,1,0.677922,34457.3,25850.4
28.4067,hgs_child,1,0.524675,34734.9,25850.4
28.5077,hgs_child,1,0.535065,30736.6,25850.4
28.584,worker_2,1,0.680519,34449.9,25850.4
28.6087,hgs_child,1,0.345455,30140.5,25850.4
28.7097,hgs_child,1,0.236364,32038.8,25850.4
28.7989,worker_2,1,0.680519,34442.8,25850.4
28.8107,hgs_child,1,0.225974,29461,25850.4
28.9118,hgs_child,1,0.742857,35650.7,25850.4
29.0128,hgs_child,1,0.654545,37457.8,25850.4
29.0187,worker_2,1,0.680519,34429.8,25850.4
29.1139,hgs_child,1,0.405195,35606.9,25850.4
29.215,hgs_child,1,0.397403,34486,25850.4
29.234,worker_2,1,0.680519,34424.1,25850.4
29.3161,hgs_child,1,0.745455,31265.6,25850.4
29.4171,hgs_child,1,0.397403,36599.2,25850.4
29.4437,worker_2,1,0.677922,34418.6,25850.4
29.5181,hgs_child,1,0.381818,31542,25850.4
29.6192,hgs_child,1,0.488312,31278.8,25850.4
29.6603,worker_2,1,0.680519,34413.4,25850.4
29.7208,hgs_child,1,0.241558,27747.8,25850.4
29.822,hgs_child,1,0.322078,28002.2,25850.4
29.8727,worker_2,1,0.683117,34395.2,25850.4
29.9231,hgs_child,1,0.755844,38482,25850.4
30.0242,hgs_child,1,0.524675,33711.5,25850.4
30.0577,worker_2,1,0.685714,34381,25850.4
30.0666,hgs_child,0,0.0805195,26340.2,25850.4
30.1676,hgs_child,1,0.176623,27122.3,25850.4
30.2687,hgs_child,1,0.236364,28541.8,25850.4
30.2779,worker_2,1,0.688312,34371.8,25850.4
30.3698,hgs_child,1,0.776623,35009.3,25850.4
30.471,hgs_child,1,0.215584,26792.8,25850.4
30.4993,worker_2,1,0.690909,34341.5,25850.4
30.5722,hgs_child,1,0.535065,36191.5,25850.4
30.6732,hgs_child,1,0.225974,30326.2,25850.4
30.7112,worker_2,1,0.688312,34323.2,25850.4
30.7743,hgs_child,1,0.628571,39787,25850.4
30.8753,hgs_child,1,0.644156,38131.4,25850.4
30.9226,worker_2,1,0.688312,34318.1,25850.4
30.9763,hgs_child,1,0.298701,34417.8,25850.4
31.0774,hgs_child,1,0.467532,33227.6,25850.4
31.1367,worker_2,1,0.693506,34296.8,25850.4
31.1784,hgs_child,1,0.212987,33120.8,25850.4
31.2794,hgs_child,1,0.623377,33503.6,25850.4
31.3491,worker_2,1,0.693506,34291.9,25850.4
31.3805,hgs_child,1,0.690909,36054.5,25850.4
31.4815,hgs_child,1,0.394805,32092.5,25850.4
31.5623,worker_2,1,0.693506,34277.9,25850.4
31.5826,hgs_child,1,0.584416,36076.2,25850.4
31.6836,hgs_child,1,0.205195,29001.4,25850.4
31.7732,worker_2,1,0.693506,34264.8,25850.4
31.7845,hgs_child,1,0.27013,31389.9,25850.4
31.8855,hgs_child,1,0.179221,28530.7,25850.4
31.9018,worker_1,0,0.00519481,25853.2,25850.4
31.9811,worker_2,1,0.690909,34255.4,25850.4
31.9865,hgs_child,1,0.296104,34547.3,25850.4
32.088,hgs_child,1,0.683117,32987.4,25850.4
32.1899,hgs_child,1,0.233766,29768,25850.4
32.1941,worker_2,1,0.693506,34188.4,25850.4
32.2909,hgs_child,1,0.215584,28445.8,25850.4
32.392,hgs_child,1,0.768831,35773.9,25850.4
32.4052,worker_2,1,0.693506,34170,25850.4
32.5134,hgs_child,1,0.535065,39921,25850.4
32.6145,hgs_child,1,0.558442,31525.7,25850.4
32.6408,worker_1,0,0.012987,25842.5,25850.4
32.6914,worker_2,1,0.693506,34162.3,25850.4
32.7155,hgs_child,1,0.423377,36274,25850.4
32.9002,worker_2,1,0.696104,34149.6,25850.4
32.9167,hgs_child,1,0.174026,31099.6,25850.4
33.0178,hgs_child,1,0.298701,28715,25850.4
33.1093,worker_2,1,0.696104,34120,25850.4
33.1188,hgs_child,1,0.407792,31012.3,25850.4
33.2199,hgs_child,1,0.181818,30179.7,25850.4
33.318,worker_2,1,0.696104,34105.9,25850.4
33.321,hgs_child,1,0.698701,34194.7,25850.4
33.4221,hgs_child,1,0.45974,33984.5,25850.4
33.5231,hgs_child,1,0.433766,34309.2,25850.4
33.527,worker_2,1,0.696104,34077.1,25850.4
33.6241,hgs_child,1,0.225974,28812.7,25850.4
33.6736,worker_1,0,0.025974,25839,25850.4
33.6826,worker_1,0,0.0337662,25837.7,25850.4
33.7252,hgs_child,1,0.72987,39148.5,25850.4
33.7381,worker_2,1,0.693506,34066,25850.4
33.7551,hgs_child,0,0,26139.2,25850.4
33.8568,hgs_child,1,0.392208,34420.1,25850.4
33.9487,worker_2,1,0.696104,34029.6,25850.4
33.9579,hgs_child,1,0.641558,35790.8,25850.4
34.0589,hgs_child,1,0.553247,34730.6,25850.4
34.1599,hgs_child,1,0.254545,27545.1,25850.4
34.1658,worker_2,1,0.698701,34009.8,25850.4
34.261,hgs_child,1,0.690909,35547.5,25850.4
34.3621,hgs_child,1,0.324675,29115.9,25850.4
34.3752,worker_2,1,0.698701,33990.7,25850.4
34.463,hgs_child,1,0.236364,28395.3,25850.4
34.5641,hgs_child,1,0.441558,37850.4,25850.4
34.5853,worker_2,1,0.698701,33983.3,25850.4
34.6652,hgs_child,1,0.750649,35501.5,25850.4
34.7662,hgs_child,1,0.548052,34828.3,25850.4
34.7995,worker_2,1,0.701299,33976.3,25850.4
34.8673,hgs_child,1,0.65974,32926.7,25850.4
34.9684,hgs_child,1,0.709091,37516.7,25850.4
35.0099,worker_2,1,0.701299,33955.8,25850.4
35.0593,worker_2,1,0.703896,33935.9,25850.4
35.0694,hgs_child,1,0.735065,37445.3,25850.4
35.171,hgs_child,1,0.836364,36987.8,25850.4
35.272,hgs_child,1,0.555844,39158.2,25850.4
35.2747,worker_2,1,0.706494,33929.4,25850.4
35.3731,hgs_child,1,0.763636,39506.4,25850.4
35.4741,hgs_child,1,0.348052,35749.5,25850.4
35.4924,worker_2,1,0.711688,33923.8,25850.4
35.5751,hgs_child,1,0.407792,37287.5,25850.4
35.6762,hgs_child,1,0.802597,38299.1,25850.4
35.7079,worker_2,1,0.716883,33903,25850.4
35.7772,hgs_child,1,0.218182,30582.6,25850.4
35.8424,worker_1,0,0.0519481,25831.7,25850.4
35.8781,hgs_child,1,0.179221,32351.1,25850.4
35.9207,worker_2,1,0.716883,33898.3,25850.4
35.9618,worker_1,0,0.0519481,25831.3,25850.4
35.9792,hgs_child,1,0.394805,38475.5,25850.4
36.0811,hgs_child,1,0.166234,27539.7,25850.4
36.1288,worker_2,1,0.714286,33893.6,25850.4
36.1821,hgs_child,1,0.306494,36232.1,25850.4
36.2832,hgs_child,1,0.449351,36641.4,25850.4
36.294,worker_0,1,0.566234,25844.2,25850.4
36.3363,worker_2,1,0.719481,33887.6,25844.2
36.3586,worker_0,1,0.168831,25843.9,25844.2
36.3843,hgs_child,1,0.771429,37050.2,25843.9
36.4015,worker_0,0,0.0753247,25828.8,25843.9
36.4154,worker_0,0,0.0883117,25817.5,25843.9
36.465,worker_0,1,0.184416,25794.4,25843.9
36.4718,worker_0,0,0.0207792,25789.4,25794.4
36.4853,hgs_child,1,0.296104,30576.3,25794.4
36.5466,worker_2,1,0.724675,33880.2,25794.4
36.5864,hgs_child,1,0.257143,36513.5,25794.4
36.6874,hgs_child,1,0.636364,34508.2,25794.4
36.7548,worker_2,1,0.724675,33875.8,25794.4
36.772,worker_0,1,0.441558,25787.5,25794.4
36.7854,worker_0,0,0.0311688,25765.2,25787.5
36.7885,hgs_child,1,0.327273,31187.1,25787.5
36.7937,worker_0,0,0.0467532,25765.1,25787.5
36.8896,hgs_child,1,0.238961,32504.3,25787.5
36.965,worker_2,1,0.727273,33871.5,25787.5
36.9906,hgs_child,1,0.428571,33805.8,25787.5
37.0508,worker_0,1,0.290909,25750.4,25787.5
37.0576,worker_0,0,0.0311688,25736.9,25750.4
37.0916,hgs_child,1,0.628571,38035.3,25750.4
37.1641,worker_0,1,0.187013,25733.4,25750.4
37.1711,worker_0,0,0.0675325,25692.5,25733.4
37.177,worker_2,1,0.727273,33863.5,25733.4
37.1934,hgs_child,1,0.735065,35517.4,25733.4
37.2944,hgs_child,1,0.290909,31894.4,25733.4
37.3873,worker_2,1,0.72987,33854.4,25733.4
37.3955,hgs_child,1,0.763636,30267.2,25733.4
37.4965,hgs_child,1,0.768831,41429.6,25733.4
37.4996,hgs_child,0,0,26139.2,25733.4
37.596,worker_2,1,0.727273,33850.6,25733.4
37.6006,hgs_child,1,0.275325,31939.7,25733.4
37.7018,hgs_child,1,0.327273,32350.4,25733.4
37.8211,hgs_child,1,0.220779,29723.2,25733.4
37.8743,worker_2,1,0.724675,33847.4,25733.4
37.9223,hgs_child,1,0.72987,36874.9,25733.4
38.0233,hgs_child,1,0.272727,29684,25733.4
38.0823,worker_2,1,0.724675,33844.7,25733.4
38.1243,hgs_child,1,0.241558,32882.6,25733.4
38.2253,hgs_child,1,0.72987,34246.8,25733.4
38.2941,worker_2,1,0.724675,33835,25733.4
38.4272,hgs_child,1,0.812987,36599.9,25733.4
38.501,worker_2,1,0.724675,33830,25733.4
38.5283,hgs_child,1,0.158442,27474.5,25733.4
38.6293,hgs_child,1,0.732468,37412.2,25733.4
38.7143,worker_2,1,0.727273,33825.3,25733.4
38.7304,hgs_child,1,0.316883,38968.1,25733.4
38.8314,hgs_child,1,0.680519,36366.1,25733.4
38.9256,worker_2,1,0.724675,33820,25733.4
38.9324,hgs_child,1,0.225974,32615.4,25733.4
39.0335,hgs_child,1,0.763636,36050,25733.4
39.1345,hgs_child,1,0.61039,34948.8,25733.4
39.1422,worker_2,1,0.724675,33815.4,25733.4
39.2356,hgs_child,1,0.677922,41172.6,25733.4
39.3367,hgs_child,1,0.620779,30066.9,25733.4
39.3488,worker_2,1,0.805195,33811.4,25733.4
39.4382,hgs_child,1,0.61039,37537.8,25733.4
39.5392,hgs_child,1,0.215584,29022.6,25733.4
39.5581,worker_2,0,0.00779221,33808.1,25733.4
39.6402,hgs_child,1,0.257143,30726.9,25733.4
39.7412,hgs_child,1,0.194805,31060.6,25733.4
39.7676,worker_2,0,0.012987,33800.8,25733.4
39.8422,hgs_child,1,0.205195,28972,25733.4
39.9441,hgs_child,1,0.662338,41340.6,25733.4
39.9777,worker_2,0,0.0311688,33795.8,25733.4
40.06,worker_2,0,0.0337662,33790.4,25733.4
40.1257,worker_0,0,0.0909091,25690,25733.4
40.1452,hgs_child,1,0.387013,35369.9,25733.4
40.2357,worker_0,1,0.231169,25672,25733.4
40.2429,worker_0,0,0.0675325,25645.8,25672
40.2463,hgs_child,1,0.61039,35761.6,25672
40.2786,worker_0,0,0.0909091,25616.1,25672
40.3473,hgs_child,1,0.277922,25615.6,25672
40.4485,hgs_child,1,0.301299,35790.7,25615.6
40.5496,hgs_child,1,0.485714,35909.1,25615.6
40.6506,hgs_child,1,0.171429,27329.1,25615.6
40.7517,hgs_child,1,0.65974,37329.7,25615.6
40.8527,hgs_child,1,0.179221,27452,25615.6
40.8634,worker_0,1,0.451948,25598.8,25615.6
40.9166,worker_0,0,0.0935065,25595.6,25598.8
40.9248,worker_0,0,0.0935065,25591.3,25598.8
40.9538,hgs_child,1,0.319481,32753.3,25598.8
41.0185,hgs_child,0,0.0987013,26879.1,25598.8
41.1196,hgs_child,1,0.651948,38482.7,25598.8
41.2073,worker_0,1,0.228571,25588.4,25598.8
41.2211,hgs_child,1,0.477922,35932.8,25588.4
41.2466,worker_0,0,0.0181818,25571.6,25588.4
41.2618,worker_0,0,0.0337662,25568.3,25588.4
41.2834,hgs_child,1,0.101299,26455.8,25588.4
41.3304,worker_2,0,0.0363636,33780.5,25588.4
41.3844,hgs_child,1,0.815584,37510.3,25588.4
41.4534,hgs_child,1,0.181818,26422.1,25588.4
41.5368,worker_2,0,0.0415584,33776.8,25588.4
41.5547,hgs_child,1,0.649351,32325.3,25588.4
41.6557,hgs_child,1,0.472727,34679.4,25588.4
41.7452,worker_2,0,0.0467532,33775.2,25588.4
41.7568,hgs_child,1,0.496104,32786,25588.4
41.8578,hgs_child,1,0.4,35647.1,25588.4
41.9534,worker_2,0,0.0545455,33773.4,25588.4
41.9588,hgs_child,1,0.641558,36307.1,25588.4
41.9906,worker_1,1,0.103896,25830.3,25588.4
41.9996,worker_1,0,0.012987,25829.5,25588.4
42.0224,worker_1,0,0.0337662,25814.8,25588.4
42.0599,hgs_child,1,0.436364,30297.6,25588.4
42.1609,hgs_child,1,0.368831,37824.8,25588.4
42.1633,worker_2,0,0.0571429,33746.8,25588.4
42.2631,hgs_child,1,0.703896,31941.1,25588.4
42.3642,hgs_child,1,0.641558,36925.9,25588.4
42.4321,worker_2,0,0.0623377,33741.8,25588.4
42.4652,hgs_child,1,0.205195,30255.8,25588.4
42.5662,hgs_child,1,0.807792,37939.4,25588.4
42.5817,hgs_child,0,0.00779221,26455.8,25588.4
42.6378,worker_2,0,0.0675325,33740.2,25588.4
42.6829,hgs_child,1,0.761039,32652.6,25588.4
42.774,hgs_child,1,0.171429,25968,25588.4
42.8444,worker_2,0,0.0701299,33655.7,25588.4
42.875,hgs_child,1,0.537662,33252.5,25588.4
42.9762,hgs_child,1,0.561039,37241.5,25588.4
42.9885,worker_0,1,0.509091,25507.2,25588.4
42.996,worker_0,0,0.0155844,25496.2,25507.2
42.9961,hgs_child,0,0.0415584,25595.9,25507.2
43.0515,worker_2,0,0.0753247,33606.7,25507.2
43.097,hgs_child,1,0.228571,34507.9,25507.2
43.1981,hgs_child,1,0.394805,30729.4,25507.2
43.2583,worker_2,0,0.0857143,33489.3,25507.2
43.2991,hgs_child,1,0.397403,32636.9,25507.2
43.3027,worker_0,1,0.257143,25489.9,25507.2
43.3183,worker_0,0,0.0311688,25486.4,25489.9
43.3255,worker_0,0,0.0467532,25449.7,25489.9
43.3343,worker_0,0,0.0519481,25433.9,25489.9
43.3512,worker_0,0,0.0571429,25426,25489.9
43.3799,worker_0,0,0.0909091,25417.3,25489.9
43.4001,hgs_child,1,0.264935,32427.9,25489.9
43.4315,worker_0,0,0.0909091,25395.9,25489.9
43.4636,worker_2,0,0.0805195,33449.4,25489.9
43.4973,hgs_child,1,0.101299,26574.8,25489.9
43.5986,hgs_child,1,0.436364,37064.5,25489.9
43.6678,worker_2,0,0.0857143,33444.2,25489.9
43.6996,hgs_child,1,0.722078,37664.1,25489.9
43.8006,hgs_child,1,0.244156,30054.5,25489.9
43.8186,worker_0,1,0.184416,25374.8,25489.9
43.8438,worker_0,0,0.0285714,25372.6,25374.8
43.8509,worker_0,0,0.0337662,25350.4,25374.8
43.8733,worker_2,0,0.0909091,33441.8,25374.8
43.9018,hgs_child,1,0.449351,33200.3,25374.8
43.9993,worker_0,1,0.18961,25350.1,25374.8
44.003,hgs_child,1,0.322078,38052.7,25350.1
44.0191,worker_1,0,0.038961,25814.6,25350.1
44.09,worker_2,0,0.0935065,33439.5,25350.1
44.1043,hgs_child,1,0.628571,38973,25350.1
44.1092,worker_1,0,0.0467532,25806.1,25350.1
44.2055,hgs_child,1,0.228571,28846.8,25350.1
44.3037,worker_2,1,0.101299,33423.9,25350.1
44.3065,hgs_child,1,0.65974,35003.2,25350.1
44.3294,worker_1,0,0.0155844,25793.3,25350.1
44.4078,hgs_child,1,0.392208,33262.7,25350.1
44.5088,hgs_child,1,0.519481,38875.2,25350.1
44.5171,worker_2,0,0.00519481,33405.2,25350.1
44.6098,hgs_child,1,0.516883,35147,25350.1
44.711,hgs_child,1,0.724675,35099.6,25350.1
44.7258,worker_2,0,0.0103896,33367.5,25350.1
44.812,hgs_child,1,0.285714,34261.6,25350.1
44.9133,hgs_child,1,0.690909,36874.3,25350.1
44.9337,worker_2,0,0.0103896,33353.7,25350.1
45.0143,hgs_child,1,0.574026,34294.1,25350.1
45.0605,worker_2,0,0.025974,33328.7,25350.1
45.1153,hgs_child,1,0.2,27193.8,25350.1
45.1437,worker_0,0,0.0337662,25330.7,25350.1
45.1601,worker_0,0,0.0519481,25329,25350.1
45.2164,hgs_child,1,0.78961,39732.3,25350.1
45.2388,worker_0,1,0.137662,25324,25350.1
45.2781,worker_2,0,0.0363636,33307.5,25324
45.3175,hgs_child,1,0.584416,36267.9,25324
45.4185,hgs_child,1,0.438961,36381.5,25324
45.4947,worker_2,0,0.0363636,33299.7,25324
45.5195,hgs_child,1,0.683117,35644.9,25324
45.6206,hgs_child,1,0.724675,35319.8,25324
45.6999,worker_2,0,0.0441558,33287.3,25324
45.7217,hgs_child,1,0.197403,29548.1,25324
45.8227,hgs_child,1,0.335065,31897.9,25324
45.9035,worker_2,0,0.0441558,33272,25324
45.9237,hgs_child,1,0.516883,34388,25324
46.0248,hgs_child,1,0.54026,37314.6,25324
46.1059,worker_2,0,0.0441558,33265.6,25324
46.1258,hgs_child,1,0.327273,30903,25324
46.2268,hgs_child,1,0.280519,29162,25324
46.3135,worker_2,0,0.0467532,33261.2,25324
46.3279,hgs_child,1,0.623377,34666.7,25324
46.4289,hgs_child,1,0.176623,28245.2,25324
46.5198,worker_2,0,0.0519481,33258.1,25324
46.5299,hgs_child,1,0.355844,32887.4,25324
46.551,worker_1,1,0.101299,25782.5,25324
46.5617,worker_1,0,0.0103896,25781,25324
46.5725,worker_1,0,0.0181818,25770,25324
46.5987,worker_1,0,0.0233766,25768.3,25324
46.6157,worker_1,0,0.0337662,25767.3,25324
46.6259,worker_1,0,0.0363636,25766.9,25324
46.6309,hgs_child,1,0.311688,32208.1,25324
46.6521,worker_1,0,0.0441558,25765.4,25324
46.7291,worker_2,0,0.0545455,33241.7,25324
46.7319,hgs_child,1,0.677922,35463.1,25324
46.76,worker_1,0,0.012987,25613.3,25324
46.833,hgs_child,1,0.649351,37874.9,25324
46.9105,worker_1,0,0.0207792,25612.7,25324
46.934,hgs_child,1,0.18961,29201.2,25324
46.9362,worker_2,0,0.0597403,33228.3,25324
47.0349,hgs_child,1,0.322078,33057.9,25324
47.1361,hgs_child,1,0.444156,37421.9,25324
47.1454,worker_2,0,0.0623377,33221,25324
47.2372,hgs_child,1,0.179221,30247.1,25324
47.3334,hgs_child,1,0.220779,25867.9,25324
47.3521,worker_2,0,0.0701299,33217.6,25324
47.4344,hgs_child,1,0.298701,28589.2,25324
47.5354,hgs_child,1,0.262338,29562.4,25324
47.5639,worker_2,0,0.0753247,33207.9,25324
47.6364,hgs_child,1,0.602597,36155.5,25324
47.7376,hgs_child,1,0.381818,34762,25324
47.773,worker_2,0,0.0831169,33194.3,25324
47.8386,hgs_child,1,0.732468,33826.5,25324
47.9397,hgs_child,1,0.548052,35467.7,25324
47.988,worker_2,0,0.0909091,33191.5,25324
48.0407,hgs_child,1,0.32987,28441.5,25324
48.1418,hgs_child,1,0.58961,33124.5,25324
48.2035,worker_2,0,0.0961039,33184,25324
48.2428,hgs_child,1,0.257143,29789.4,25324
48.3438,hgs_child,1,0.32987,32079.3,25324
48.4164,worker_2,1,0.101299,33182,25324
48.4448,hgs_child,1,0.519481,33560.6,25324
48.5458,hgs_child,1,0.309091,38454.5,25324
48.6057,worker_1,0,0.025974,25611.1,25324
48.6296,worker_2,0,0.00779221,33175,25324
48.6468,hgs_child,1,0.168831,26450.3,25324
48.7478,hgs_child,1,0.568831,36124.5,25324
48.8395,worker_2,0,0.012987,33159.6,25324
48.8489,hgs_child,1,0.683117,38291,25324
48.9499,hgs_child,1,0.246753,32477.9,25324
49.0509,hgs_child,1,0.602597,34748.6,25324
49.0523,worker_2,0,0.0311688,33139.2,25324
49.152,hgs_child,1,0.267532,29283.1,25324
49.253,hgs_child,1,0.280519,30856.2,25324
49.2647,worker_2,0,0.038961,33137.9,25324
49.3541,hgs_child,1,0.25974,33056.6,25324
49.4552,hgs_child,1,0.722078,37712.2,25324
49.4742,worker_2,0,0.0441558,33136.9,25324
49.5562,hgs_child,1,0.755844,36160.4,25324
49.6572,hgs_child,1,0.21039,35835.9,25324
49.6846,worker_2,0,0.0467532,33123.8,25324
49.7581,hgs_child,1,0.254545,29701.1,25324
49.8592,hgs_child,1,0.631169,33670.8,25324
49.893,worker_2,0,0.0519481,33116.5,25324
49.9602,hgs_child,1,0.397403,33855.2,25324
50.0612,hgs_child,1,0.314286,30591.3,25324
50.0613,worker_2,0,0.0597403,33115.7,25324
50.1622,hgs_child,1,0.620779,34542.1,25324
50.2632,hgs_child,1,0.296104,38593.5,25324
50.3642,hgs_child,1,0.342857,32110.5,25324
50.4653,hgs_child,1,0.784416,37110.3,25324
50.5663,hgs_child,1,0.405195,35058.6,25324
50.6673,hgs_child,1,0.477922,33883.5,25324
50.7153,worker_2,0,0.0753247,33109.5,25324
50.7683,hgs_child,1,0.379221,37647.5,25324
50.8597,hgs_child,1,0.161039,26210.3,25324
50.9266,worker_2,0,0.0805195,33104.8,25324
50.9608,hgs_child,1,0.688312,38333.1,25324
51.0618,hgs_child,1,0.462338,36192.3,25324
51.1401,worker_2,0,0.0857143,33103.6,25324
51.1628,hgs_child,1,0.301299,30426.6,25324
51.2638,hgs_child,1,0.272727,35561.3,25324
51.3488,worker_2,0,0.0935065,33099.3,25324
51.3648,hgs_child,1,0.483117,35597.5,25324
51.4658,hgs_child,1,0.368831,38509.9,25324
51.5584,worker_2,1,0.109091,33095.3,25324
51.5668,hgs_child,1,0.657143,39132.3,25324
51.6678,hgs_child,1,0.355844,31859.8,25324
51.7412,worker_1,0,0.0311688,25610.9,25324
51.7679,worker_2,0,0.00779221,33090.5,25324
51.7688,hgs_child,1,0.462338,33446.1,25324
51.8707,hgs_child,1,0.324675,34189.5,25324
51.9717,hgs_child,1,0.550649,33605.2,25324
51.9763,worker_2,0,0.0155844,33075.4,25324
52.0726,hgs_child,1,0.220779,29743,25324
52.1449,worker_1,0,0.0545455,25596.9,25324
52.1555,worker_1,0,0.0493506,25586.4,25324
52.1738,hgs_child,1,0.620779,33051.3,25324
52.1892,worker_2,0,0.025974,33068.5,25324
52.2749,hgs_child,1,0.436364,33610.7,25324
52.3766,hgs_child,1,0.285714,30013.7,25324
52.3979,worker_2,0,0.0337662,33067.8,25324
52.4776,hgs_child,1,0.597403,35098.8,25324
52.5786,hgs_child,1,0.4,32874.8,25324
52.6069,worker_2,0,0.0415584,33067.1,25324
52.6806,hgs_child,1,0.703896,31635.5,25324
52.7816,hgs_child,1,0.480519,34923.8,25324
52.817,worker_2,0,0.0441558,33066.4,25324
52.8826,hgs_child,1,0.397403,33739.4,25324
52.9837,hgs_child,1,0.797403,35989.5,25324
53.0284,worker_2,0,0.0493506,33039.4,25324
53.0847,hgs_child,1,0.631169,35284.7,25324
53.1857,hgs_child,1,0.316883,29885.6,25324
53.2389,worker_2,0,0.0649351,33019.1,25324
53.2868,hgs_child,1,0.516883,34737.7,25324
53.3878,hgs_child,1,0.233766,32502.8,25324
53.4487,worker_2,0,0.0675325,33011.8,25324
53.4891,hgs_child,1,0.262338,32177.5,25324
53.5901,hgs_child,1,0.290909,32961.9,25324
53.6583,worker_2,0,0.0727273,33008.2,25324
53.8175,worker_1,1,0.111688,25571.1,25324
53.8278,worker_1,0,0.012987,25569.4,25324
53.8376,worker_1,0,0.0181818,25567.2,25324
53.8494,worker_1,0,0.0311688,25565.9,25324
53.8768,worker_2,0,0.0805195,32996,25324
53.8916,hgs_child,1,0.683117,32073.1,25324
53.9926,hgs_child,1,0.433766,29782.2,25324
54.0106,worker_1,0,0.0545455,25564.4,25324
54.0856,worker_2,0,0.0857143,32985.1,25324
54.0937,hgs_child,1,0.636364,39610.8,25324
54.1948,hgs_child,1,0.61039,34939.2,25324
54.2964,hgs_child,1,0.812987,35527.3,25324
54.2972,worker_2,0,0.0857143,32956.5,25324
54.3973,hgs_child,1,0.244156,35072.6,25324
54.4984,hgs_child,1,0.514286,36351.5,25324
54.5068,worker_2,0,0.0909091,32951.7,25324
54.5994,hgs_child,1,0.467532,31887.8,25324
54.7003,hgs_child,1,0.166234,27937.5,25324
54.7178,worker_2,0,0.0961039,32950.6,25324
54.7931,worker_1,0,0.0701299,25551.9,25324
54.8019,hgs_child,1,0.420779,35922.5,25324
54.9029,hgs_child,1,0.576623,35128.4,25324
54.9287,worker_2,0,0.0987013,32947.3,25324
55.0039,hgs_child,1,0.301299,33049.7,25324
55.0619,worker_2,0,0.0961039,32944.7,25324
55.1049,hgs_child,1,0.298701,33217.1,25324
55.1082,hgs_child,0,0.0103896,26455.8,25324
55.2093,hgs_child,1,0.698701,32104.1,25324
55.21,worker_0,0,0.0285714,25323.2,25324
55.2779,worker_2,1,0.101299,32943.8,25324
55.3103,hgs_child,1,0.464935,35201.7,25324
55.4117,hgs_child,1,0.472727,31986.5,25324
55.4915,worker_2,0,0.0103896,32941,25324
55.5129,hgs_child,1,0.755844,40008.8,25324
55.6139,hgs_child,1,0.496104,31839.3,25324
55.7001,worker_2,0,0.0181818,32934.1,25324
55.715,hgs_child,1,0.662338,36723.4,25324
55.816,hgs_child,1,0.58961,37474.6,25324
55.8639,hgs_child,0,0.0987013,25422.7,25324
55.9104,worker_2,0,0.0207792,32933.4,25324
55.965,hgs_child,1,0.612987,36329.7,25324
56.066,hgs_child,1,0.67013,40425.8,25324
56.1179,worker_2,0,0.0285714,32933.3,25324
56.1671,hgs_child,1,0.644156,35895.9,25324
56.2682,hgs_child,1,0.716883,39441.2,25324
56.3278,worker_2,0,0.038961,32933.2,25324
56.3692,hgs_child,1,0.654545,31627.8,25324
56.4702,hgs_child,1,0.184416,32025.5,25324
56.5712,hgs_child,1,0.480519,34735.4,25324
56.6731,hgs_child,1,0.220779,33154.2,25324
56.7741,hgs_child,1,0.207792,33631.8,25324
56.8112,worker_2,0,0.0545455,32924.3,25324
56.8751,hgs_child,1,0.737662,36392.2,25324
56.9762,hgs_child,1,0.748052,39741.4,25324
57.0772,hgs_child,1,0.384416,35080.8,25324
57.1782,hgs_child,1,0.394805,36186,25324
57.2792,hgs_child,1,0.18961,32580.6,25324
57.3809,hgs_child,1,0.693506,33779.1,25324
57.4819,hgs_child,1,0.415584,36843,25324
57.5829,hgs_child,1,0.145455,28569.2,25324
57.6839,hgs_child,1,0.496104,35206.7,25324
57.785,hgs_child,1,0.41039,34799.9,25324
57.8615,worker_2,0,0.0779221,32800.2,25324
57.886,hgs_child,1,0.223377,29003.1,25324
57.9872,hgs_child,1,0.719481,32093.5,25324
58.0676,worker_2,0,0.0779221,32685.7,25324
58.0882,hgs_child,1,0.667532,31607.6,25324
58.1892,hgs_child,1,0.155844,27985.2,25324
58.2761,worker_2,0,0.0805195,32648.9,25324
58.2903,hgs_child,1,0.511688,29666.8,25324
58.3913,hgs_child,1,0.542857,36245.5,25324
58.4809,worker_2,0,0.0857143,32634.2,25324
58.4925,hgs_child,1,0.272727,33558,25324
58.5951,hgs_child,1,0.223377,29608.2,25324
58.6935,worker_2,0,0.0831169,32565.8,25324
58.697,hgs_child,1,0.711688,33104.7,25324
58.8982,hgs_child,1,0.171429,28326.4,25324
58.905,worker_2,0,0.0831169,32518.1,25324
58.9993,hgs_child,1,0.781818,39479.6,25324
59.0503,worker_1,0,0.0805195,25550.8,25324
59.1003,hgs_child,1,0.285714,31721.6,25324
59.1155,worker_2,0,0.0857143,32516.1,25324
59.2014,hgs_child,1,0.633766,34832.1,25324
59.3024,hgs_child,1,0.571429,39146.5,25324
59.3449,worker_2,0,0.0909091,32514.6,25324
59.4035,hgs_child,1,0.423377,31031.3,25324
59.5051,hgs_child,1,0.568831,37257.8,25324
59.5646,worker_2,0,0.0987013,32503.1,25324
59.6062,hgs_child,1,0.542857,36272.8,25324
59.7072,hgs_child,1,0.363636,33732.3,25324
59.774,worker_2,0,0.0987013,32488.6,25324
59.8082,hgs_child,1,0.387013,32085.4,25324
59.9093,hgs_child,1,0.72987,35197.3,25324
59.9799,worker_2,1,0.103896,32485.8,25324
60.0102,hgs_child,1,0.345455,35519.6,25324
60.1112,hgs_child,1,0.194805,30091.5,25324
60.1882,worker_2,0,0.00779221,32480.2,25324
60.2122,hgs_child,1,0.703896,32364.5,25324
60.3133,hgs_child,1,0.641558,33806.4,25324
60.3948,worker_2,0,0.012987,32479.6,25324
60.4145,hgs_child,1,0.425974,39898.3,25324
60.5155,hgs_child,1,0.503896,35383.7,25324
60.6048,worker_2,0,0.025974,32478.1,25324
60.6149,worker_1,0,0.0909091,25549.3,25324
60.6165,hgs_child,1,0.283117,31853.8,25324
60.7175,hgs_child,1,0.254545,29292.9,25324
60.7977,worker_1,0,0.00519481,25352.6,25324
60.8077,worker_1,0,0.0181818,25352.4,25324
60.8116,worker_2,0,0.025974,32464.5,25324
60.8186,hgs_child,1,0.719481,35301.5,25324
60.9197,hgs_child,1,0.379221,33318.6,25324
60.9929,worker_1,0,0.0233766,25349.8,25324
61.0196,worker_2,0,0.025974,32462.3,25324
61.0207,hgs_child,1,0.254545,33046.9,25324
61.0549,worker_1,0,0.0311688,25347.6,25324
61.1217,hgs_child,1,0.181818,33208.4,25324
61.2226,hgs_child,1,0.379221,34816.2,25324
61.227,worker_2,0,0.0311688,32460,25324
61.3236,hgs_child,1,0.293506,32378.6,25324
61.4329,hgs_child,1,0.657143,37828.3,25324
61.5329,worker_2,0,0.0337662,32460,25324
61.5341,hgs_child,1,0.574026,37340,25324
61.6352,hgs_child,1,0.831169,41176,25324
61.7368,hgs_child,1,0.748052,33424.8,25324
61.7475,worker_2,0,0.0441558,32459.1,25324
61.7823,hgs_child,1,0.14026,25785.3,25324
61.8833,hgs_child,1,0.218182,32794.8,25324
61.9639,worker_2,0,0.0467532,32448.7,25324
61.9843,hgs_child,1,0.67013,35577.8,25324
62.0853,hgs_child,1,0.142857,31014,25324
62.1822,worker_2,0,0.0519481,32402.2,25324
62.1863,hgs_child,1,0.374026,35275.8,25324
62.2286,worker_2,0,0.0571429,32401,25324
62.2876,hgs_child,1,0.657143,34856.7,25324
62.3896,hgs_child,1,0.592208,40443.2,25324
62.451,worker_2,0,0.0675325,32392.5,25324
62.4906,hgs_child,1,0.350649,31847.9,25324
62.5916,hgs_child,1,0.514286,39096.3,25324
62.6593,worker_2,0,0.0701299,32381.5,25324
62.6926,hgs_child,1,0.262338,32255.9,25324
62.7936,hgs_child,1,0.205195,26488.4,25324
62.8666,worker_2,0,0.0727273,32370.8,25324
62.8946,hgs_child,1,0.41039,35500.1,25324
62.9957,hgs_child,1,0.711688,31158.8,25324
63.0976,hgs_child,1,0.166234,31820,25324
63.1353,worker_2,0,0.0727273,32358.1,25324
63.1986,hgs_child,1,0.758442,33816.1,25324
63.2998,hgs_child,1,0.34026,33695.5,25324
63.3418,hgs_child,0,0.0805195,25679.7,25324
63.3622,worker_2,0,0.0805195,32352.3,25324
63.4428,hgs_child,1,0.332468,35040.9,25324
63.5439,hgs_child,1,0.511688,37517.8,25324
63.5696,worker_2,0,0.0831169,32328.8,25324
63.6449,hgs_child,1,0.615584,35943.8,25324
63.6884,hgs_child,0,0.0805195,25679.7,25324
63.7789,worker_2,0,0.0883117,32319,25324
63.7894,hgs_child,1,0.158442,28587.1,25324
63.8425,worker_1,0,0.0545455,25346,25324
63.8904,hgs_child,1,0.561039,31864.8,25324
63.9881,worker_2,0,0.0935065,32314.6,25324
63.9915,hgs_child,1,0.644156,30187,25324
64.0925,hgs_child,1,0.394805,37074.8,25324
64.1935,hgs_child,1,0.280519,27501.2,25324
64.1939,worker_2,0,0.0987013,32299.7,25324
64.2945,hgs_child,1,0.550649,29663.4,25324
64.3298,worker_1,0,0.0935065,25334.9,25324
64.3406,worker_1,1,0.106494,25333.8,25324
64.3507,worker_1,0,0.012987,25322.9,25324
64.3606,worker_1,0,0.0311688,25308.8,25324
64.3955,hgs_child,1,0.267532,30561.5,25324
64.4006,worker_2,1,0.106494,32297.2,25324
64.4132,hgs_child,0,0.0363636,26140.8,25324
64.4967,worker_1,0,0.0519481,25304.3,25324
64.5143,hgs_child,1,0.485714,33822.2,25324
64.5828,worker_1,0,0.0597403,25302.8,25324
64.61,worker_2,1,0.109091,32292.2,25324
64.6153,hgs_child,1,0.376623,31918.4,25324
64.7164,hgs_child,1,0.61039,30990.2,25324
64.7321,worker_1,0,0.0805195,25296.9,25324
64.7431,worker_1,1,0.150649,25292.4,25324
64.8158,worker_2,0,0.00779221,32291.4,25292.4
64.8175,hgs_child,1,0.680519,37427.2,25292.4
64.9185,hgs_child,1,0.311688,31600.5,25292.4
65.0195,hgs_child,1,0.805195,34136.5,25292.4
65.0197,worker_2,0,0.0155844,32290.7,25292.4
65.1209,hgs_child,1,0.332468,33559.7,25292.4
65.2222,hgs_child,1,0.428571,34930.8,25292.4
65.2254,worker_2,0,0.0233766,32290.5,25292.4
65.3233,hgs_child,1,0.745455,42160.7,25292.4
65.4243,hgs_child,1,0.67013,35485.2,25292.4
65.437,worker_2,0,0.025974,32290.4,25292.4
65.5254,hgs_child,1,0.45974,31285.5,25292.4
65.6264,hgs_child,1,0.737662,36398.5,25292.4
65.64,worker_2,0,0.0441558,32276.8,25292.4
65.7274,hgs_child,1,0.703896,32307,25292.4
65.8286,hgs_child,1,0.688312,39306.6,25292.4
65.8452,worker_2,0,0.0493506,32276.7,25292.4
65.9297,hgs_child,1,0.537662,37463.5,25292.4
66.0307,hgs_child,1,0.696104,35650.3,25292.4
66.0511,worker_2,0,0.0415584,32263.9,25292.4
66.1317,hgs_child,1,0.771429,39183,25292.4
66.1712,worker_1,0,0.00519481,25291.6,25292.4
66.216,worker_1,0,0.0233766,25269.9,25292.4
66.2327,hgs_child,1,0.171429,32234.2,25292.4
66.2614,worker_2,0,0.0493506,32262,25292.4
66.3338,hgs_child,1,0.657143,37165.7,25292.4
66.3397,worker_1,0,0.0493506,25253.5,25292.4
66.3495,worker_1,0,0.0363636,25253.5,25292.4
66.3645,hgs_child,0,0.0675325,25268.5,25292.4
66.4655,hgs_child,1,0.477922,33639.5,25292.4
66.4713,worker_2,0,0.0545455,32246.2,25292.4
66.5665,hgs_child,1,0.296104,27583.8,25292.4
66.6682,hgs_child,1,0.722078,35593.1,25292.4
66.7616,worker_2,0,0.0597403,32244,25292.4
66.7697,hgs_child,1,0.511688,34577.3,25292.4
66.8709,hgs_child,1,0.228571,31167.2,25292.4
66.9673,worker_2,0,0.0545455,32242.9,25292.4
66.9719,hgs_child,1,0.249351,30111.3,25292.4
67.1724,worker_2,0,0.0545455,32242.9,25292.4
67.1733,hgs_child,1,0.21039,30120.4,25292.4
67.2743,hgs_child,1,0.368831,30310.6,25292.4
67.3754,hgs_child,1,0.797403,35935.9,25292.4
67.4776,hgs_child,1,0.52987,30301.5,25292.4
67.5786,hgs_child,1,0.472727,32957.1,25292.4
67.6796,hgs_child,1,0.324675,30143.3,25292.4
67.7806,hgs_child,1,0.412987,30222.5,25292.4
67.9818,hgs_child,1,0.41039,33217.5,25292.4
68.0828,hgs_child,1,0.592208,36025.5,25292.4
68.284,hgs_child,1,0.345455,31229.4,25292.4
68.3849,hgs_child,1,0.251948,32680.8,25292.4
68.4859,hgs_child,1,0.374026,34916.5,25292.4
68.5872,hgs_child,1,0.519481,38726.6,25292.4
68.6884,hgs_child,1,0.350649,36292.6,25292.4
68.7894,hgs_child,1,0.179221,31340.7,25292.4
68.8904,hgs_child,1,0.625974,34572.2,25292.4
68.9914,hgs_child,1,0.215584,28254.2,25292.4
69.0924,hgs_child,1,0.18961,27027.2,25292.4
69.2936,hgs_child,1,0.628571,29390.9,25292.4
69.3947,hgs_child,1,0.61039,34248.6,25292.4
69.4957,hgs_child,1,0.54026,35680.5,25292.4
69.5968,hgs_child,1,0.685714,30178.1,25292.4
69.6978,hgs_child,1,0.436364,34099.4,25292.4
69.7989,hgs_child,1,0.787013,35300.3,25292.4
69.8999,hgs_child,1,0.275325,29706.9,25292.4
70.0009,hgs_child,1,0.755844,39214.1,25292.4
70.102,hgs_child,1,0.472727,31424.9,25292.4
70.203,hgs_child,1,0.571429,34413.2,25292.4
70.3057,hgs_child,1,0.776623,36012.4,25292.4
70.4095,hgs_child,1,0.737662,36669.6,25292.4
70.5106,hgs_child,1,0.353247,34293,25292.4
70.6123,hgs_child,1,0.166234,32517.9,25292.4
70.7135,hgs_child,1,0.618182,32559.6,25292.4
70.8146,hgs_child,1,0.498701,36844.2,25292.4
70.9156,hgs_child,1,0.187013,27596.9,25292.4
71.0505,hgs_child,1,0.116883,34319.5,25292.4
71.1524,hgs_child,1,0.61039,34068.2,25292.4
71.2536,hgs_child,1,0.568831,38113.4,25292.4
71.3549,hgs_child,1,0.4,31097.1,25292.4
71.456,hgs_child,1,0.574026,31085.6,25292.4
71.5573,hgs_child,1,0.262338,30143,25292.4
71.6584,hgs_child,1,0.649351,39046.5,25292.4
71.7594,hgs_child,1,0.677922,36052.2,25292.4
71.8605,hgs_child,1,0.742857,41582.8,25292.4
71.9615,hgs_child,1,0.696104,34746.3,25292.4
72.0625,hgs_child,1,0.431169,34798.6,25292.4
72.1637,hgs_child,1,0.161039,27788.2,25292.4
72.2647,hgs_child,1,0.449351,31708.2,25292.4
72.3658,hgs_child,1,0.545455,33660.4,25292.4
72.4668,hgs_child,1,0.485714,32404.5,25292.4
72.5685,hgs_child,1,0.654545,37851.9,25292.4
72.6585,worker_2,0,0.0675325,32239.8,25292.4
72.6696,hgs_child,1,0.581818,35689.9,25292.4
72.7707,hgs_child,1,0.412987,35853.7,25292.4
72.8717,hgs_child,1,0.672727,38491.3,25292.4
72.9728,hgs_child,1,0.519481,35371.1,25292.4
73.0738,hgs_child,1,0.457143,32048.4,25292.4
73.1748,hgs_child,1,0.355844,34381.7,25292.4
73.2759,hgs_child,1,0.280519,30628.2,25292.4
73.2894,worker_1,0,0.0545455,25251.8,25292.4
73.3146,worker_2,0,0.0285714,31040.2,25292.4
73.3772,hgs_child,1,0.555844,33532,25292.4
73.4782,hgs_child,1,0.644156,38824.5,25292.4
73.5227,worker_2,0,0.0363636,31027.9,25292.4
73.5793,hgs_child,1,0.719481,33955.7,25292.4
73.6802,hgs_child,1,0.187013,25797.8,25292.4
73.732,worker_2,0,0.0493506,31014.1,25292.4
73.7812,hgs_child,1,0.423377,34124.9,25292.4
73.8822,hgs_child,1,0.236364,32743.2,25292.4
73.9375,worker_2,0,0.0571429,31000.1,25292.4
73.9832,hgs_child,1,0.4,32951.9,25292.4
74.0841,hgs_child,1,0.272727,32863.8,25292.4
74.1499,worker_2,0,0.0597403,30987.2,25292.4
74.1852,hgs_child,1,0.368831,32808.6,25292.4
74.2867,hgs_child,1,0.483117,32729.6,25292.4
74.3665,worker_2,0,0.0519481,30969.1,25292.4
74.3883,hgs_child,1,0.283117,34285,25292.4
74.4893,hgs_child,1,0.379221,35006,25292.4
74.5741,worker_2,0,0.0623377,30959.8,25292.4
74.5904,hgs_child,1,0.693506,34877.2,25292.4
74.6915,hgs_child,1,0.615584,41382.7,25292.4
74.7837,worker_2,0,0.0701299,30951.7,25292.4
74.7925,hgs_child,1,0.516883,39380.6,25292.4
74.8935,hgs_child,1,0.283117,32748.6,25292.4
74.9934,worker_2,0,0.0753247,30943.6,25292.4
75.0945,hgs_child,1,0.254545,34129.8,25292.4
75.1955,hgs_child,1,0.168831,29782.3,25292.4
75.1961,worker_0,0,0.0649351,25319.1,25292.4
75.2089,worker_2,0,0.0727273,30931.1,25292.4
75.2966,hgs_child,1,0.794805,40428.5,25292.4
75.3121,worker_0,1,0.18961,25313.1,25292.4
75.3462,worker_0,0,0.0233766,25312.6,25292.4
75.3532,worker_0,0,0.0441558,25311.1,25292.4
75.3841,worker_0,0,0.0597403,25288.5,25292.4
75.398,hgs_child,1,0.784416,41006.1,25292.4
75.425,worker_2,0,0.0805195,30919.2,25292.4
75.4991,hgs_child,1,0.316883,33566.6,25292.4
75.5556,worker_1,0,0.0675325,25236.5,25292.4
75.6002,hgs_child,1,0.836364,40582.5,25292.4
75.6328,worker_2,0,0.0883117,30911.4,25292.4
75.7012,hgs_child,1,0.794805,39926.3,25292.4
75.8023,hgs_child,1,0.688312,35038.4,25292.4
75.8407,worker_2,0,0.0935065,30888.7,25292.4
75.9032,hgs_child,1,0.163636,29288.6,25292.4
76.0044,hgs_child,1,0.272727,34267,25292.4
76.0486,worker_2,0,0.0987013,30882.1,25292.4
76.1055,hgs_child,1,0.535065,36365.5,25292.4
76.2064,hgs_child,1,0.137662,32158.3,25292.4
76.2592,worker_2,1,0.103896,30872.8,25292.4
76.3074,hgs_child,1,0.181818,26601.8,25292.4
76.4084,hgs_child,1,0.327273,32095.3,25292.4
76.4703,worker_2,0,0.0103896,30846.3,25292.4
76.5095,hgs_child,1,0.358442,29006.2,25292.4
76.6105,hgs_child,1,0.703896,37954.9,25292.4
76.671,worker_1,0,0.0805195,25236.3,25292.4
76.6835,worker_2,0,0.0181818,30817.9,25292.4
76.7116,hgs_child,1,0.719481,35897.3,25292.4
76.8126,hgs_child,1,0.618182,38484.7,25292.4
76.9137,hgs_child,1,0.677922,32146.4,25292.4
76.9199,worker_2,0,0.0233766,30808.2,25292.4
77.0148,hgs_child,1,0.628571,37256.4,25292.4
77.1158,hgs_child,1,0.184416,32682.5,25292.4
77.1306,worker_2,0,0.0207792,30779.5,25292.4
77.2167,hgs_child,1,0.2,34318.4,25292.4
77.3177,hgs_child,1,0.254545,30501.7,25292.4
77.3423,worker_2,0,0.025974,30771.3,25292.4
77.4188,hgs_child,1,0.774026,35424.9,25292.4
77.5198,hgs_child,1,0.454545,28899.8,25292.4
77.5509,worker_2,0,0.0311688,30759.5,25292.4
77.6224,hgs_child,1,0.636364,39011.6,25292.4
77.7241,hgs_child,1,0.280519,30317.9,25292.4
77.7591,worker_2,0,0.0337662,30755,25292.4
77.8254,hgs_child,1,0.709091,30341.2,25292.4
77.9264,hgs_child,1,0.633766,33794,25292.4
77.9685,worker_2,0,0.038961,30750.5,25292.4
78.0273,hgs_child,1,0.238961,33651.2,25292.4
78.0977,worker_2,0,0.0467532,30746,25292.4
78.2286,hgs_child,1,0.506494,29311.8,25292.4
78.3124,worker_2,0,0.0545455,30739.6,25292.4
78.3295,hgs_child,1,0.155844,29549.8,25292.4
78.4305,hgs_child,1,0.303896,30265.8,25292.4
78.5194,worker_2,0,0.0649351,30735.3,25292.4
78.5314,hgs_child,1,0.2,31252.3,25292.4
78.6324,hgs_child,1,0.633766,41399.7,25292.4
78.7283,worker_2,0,0.0675325,30712.1,25292.4
78.7334,hgs_child,1,0.296104,27315.8,25292.4
78.8344,hgs_child,1,0.376623,30295.4,25292.4
78.9354,hgs_child,1,0.579221,38170.1,25292.4
78.9366,worker_2,0,0.0727273,30683.2,25292.4
79.0365,hgs_child,1,0.706494,30712.6,25292.4
79.1375,hgs_child,1,0.550649,36540.8,25292.4
79.1429,worker_2,0,0.0805195,30662.2,25292.4
79.2388,hgs_child,1,0.174026,31651.9,25292.4
79.3399,hgs_child,1,0.249351,29038.7,25292.4
79.3674,worker_2,0,0.0909091,30658.8,25292.4
79.4408,hgs_child,1,0.197403,29914,25292.4
79.5419,hgs_child,1,0.711688,38438.7,25292.4
79.5776,worker_2,1,0.257143,30655.3,25292.4
79.6431,hgs_child,1,0.732468,31238.2,25292.4
79.7441,hgs_child,1,0.519481,38507.5,25292.4
79.7873,worker_2,1,0.25974,30651.3,25292.4
79.8451,hgs_child,1,0.246753,28569.3,25292.4
79.9461,hgs_child,1,0.397403,32253.6,25292.4
79.9958,worker_2,1,0.267532,30638.6,25292.4
80.0104,worker_1,0,0.0857143,25234.6,25292.4
80.0471,hgs_child,1,0.61039,32795.2,25292.4
80.1482,hgs_child,1,0.644156,36379.4,25292.4
80.2058,worker_2,1,0.27013,30633.3,25292.4
80.2492,hgs_child,1,0.750649,31764.1,25292.4
80.3502,hgs_child,1,0.605195,35499.2,25292.4
80.415,worker_2,1,0.267532,30630,25292.4
80.4513,hgs_child,1,0.753247,33334.3,25292.4
80.5524,hgs_child,1,0.677922,30183,25292.4
80.6245,worker_2,1,0.272727,30620.2,25292.4
80.6534,hgs_child,1,0.254545,29442.8,25292.4
80.7548,hgs_child,1,0.171429,26395.3,25292.4
80.8317,worker_2,1,0.280519,30617,25292.4
80.856,hgs_child,1,0.532468,33827.2,25292.4
80.9731,hgs_child,1,0.163636,27035.9,25292.4
81.0743,hgs_child,1,0.496104,30348.6,25292.4
81.1085,worker_2,1,0.288312,30612,25292.4
81.1754,hgs_child,1,0.688312,36334.6,25292.4
81.2764,hgs_child,1,0.407792,36584.8,25292.4
81.3182,worker_2,1,0.293506,30601.3,25292.4
81.3773,hgs_child,1,0.184416,25276.2,25292.4
81.3806,hgs_child,0,0.00779221,25276.2,25276.2
81.4816,hgs_child,1,0.324675,33571.7,25276.2
81.5251,worker_2,1,0.290909,30593.6,25276.2
81.5826,hgs_child,1,0.58961,42039.3,25276.2
81.6836,hgs_child,1,0.345455,31461.9,25276.2
81.7347,worker_2,1,0.283117,30590.7,25276.2
81.7846,hgs_child,1,0.574026,32274.7,25276.2
81.8857,hgs_child,1,0.748052,33102.1,25276.2
81.9414,worker_2,1,0.285714,30567.5,25276.2
81.9868,hgs_child,1,0.597403,33948.7,25276.2
82.0891,hgs_child,1,0.519481,32236.8,25276.2
82.1527,worker_2,1,0.290909,30561.2,25276.2
82.1901,hgs_child,1,0.693506,31106.9,25276.2
82.2912,hgs_child,1,0.4,34450.9,25276.2
82.3616,worker_2,1,0.298701,30555.1,25276.2
82.3922,hgs_child,1,0.797403,35898.2,25276.2
82.4099,hgs_child,0,0.0337662,25239.7,25276.2
82.5111,hgs_child,1,0.184416,27349.6,25276.2
82.5699,worker_2,1,0.309091,30552.1,25276.2
82.6121,hgs_child,1,0.155844,27144.7,25276.2
82.7137,hgs_child,1,0.464935,38457.7,25276.2
82.7791,worker_2,1,0.316883,30549.6,25276.2
82.8147,hgs_child,1,0.114286,26204.2,25276.2
82.9157,hgs_child,1,0.761039,35656.6,25276.2
82.9724,hgs_child,0,0.0883117,25251.8,25276.2
82.9874,worker_2,1,0.319481,30547.4,25276.2
83.0735,hgs_child,1,0.472727,30424.2,25276.2
83.0993,worker_2,1,0.319481,30542.5,25276.2
83.175,hgs_child,1,0.18961,28818.6,25276.2
83.276,hgs_child,1,0.65974,30251.8,25276.2
83.3118,worker_2,1,0.335065,30532.6,25276.2
83.3771,hgs_child,1,0.742857,32215.3,25276.2
83.4581,hgs_child,1,0.12987,25855.9,25276.2
83.5184,worker_2,1,0.332468,30530.1,25276.2
83.5591,hgs_child,1,0.581818,32439.7,25276.2
83.6602,hgs_child,1,0.542857,35135.8,25276.2
83.7237,hgs_child,1,0.122078,32825.2,25276.2
83.7303,worker_2,1,0.324675,30508.8,25276.2
83.8249,hgs_child,1,0.631169,31804.5,25276.2
83.8552,hgs_child,0,0.0337662,25556.8,25276.2
83.934,hgs_child,1,0.163636,25487.7,25276.2
83.9401,worker_2,1,0.327273,30505.8,25276.2
84.035,hgs_child,1,0.283117,36264.5,25276.2
84.1363,hgs_child,1,0.680519,43192.1,25276.2
84.1477,worker_2,1,0.32987,30500.9,25276.2
84.3375,hgs_child,1,0.314286,29005.4,25276.2
84.3577,worker_2,1,0.32987,30498.1,25276.2
84.4385,hgs_child,1,0.480519,35763.4,25276.2
84.5395,hgs_child,1,0.212987,30613.3,25276.2
84.5679,worker_2,1,0.32987,30495.6,25276.2
84.7406,hgs_child,1,0.241558,27948.4,25276.2
84.7778,worker_2,1,0.32987,30493.8,25276.2
84.8418,hgs_child,1,0.194805,25438.9,25276.2
84.9443,hgs_child,1,0.275325,27566.4,25276.2
84.9838,worker_2,1,0.332468,30492.2,25276.2
85.0455,hgs_child,1,0.548052,39221.2,25276.2
85.1466,hgs_child,1,0.706494,44729.2,25276.2
85.1953,worker_2,1,0.34026,30490.6,25276.2
85.2297,worker_0,0,0.0623377,25288.2,25276.2
85.2476,hgs_child,1,0.298701,32888.9,25276.2
85.2644,worker_0,0,0.0675325,25279.3,25276.2
85.349,hgs_child,1,0.158442,25857.6,25276.2
85.45,hgs_child,1,0.496104,38050,25276.2
85.4807,worker_2,1,0.345455,30486.3,25276.2
85.5517,hgs_child,1,0.236364,32910.1,25276.2
85.6528,hgs_child,1,0.677922,30647.6,25276.2
85.7543,hgs_child,1,0.620779,33224.1,25276.2
85.7697,worker_2,1,0.348052,30483.7,25276.2
85.8574,hgs_child,1,0.462338,36900.3,25276.2
85.9584,hgs_child,1,0.236364,26629.8,25276.2
86.0348,worker_2,1,0.345455,30480.8,25276.2
86.0603,hgs_child,1,0.132468,26307.3,25276.2
86.1614,hgs_child,1,0.623377,39536.8,25276.2
86.2633,hgs_child,1,0.32987,34846.2,25276.2
86.2834,worker_2,1,0.348052,30469.8,25276.2
86.3652,hgs_child,1,0.753247,38746.5,25276.2
86.4683,hgs_child,1,0.709091,35324.9,25276.2
86.595,hgs_child,1,0.571429,34035.4,25276.2
86.6988,hgs_child,1,0.184416,29650,25276.2
86.7117,worker_2,1,0.348052,30461.6,25276.2
86.796,worker_0,1,0.428571,25279.1,25276.2
86.8021,hgs_child,1,0.371429,38561.3,25276.2
86.8079,worker_0,0,0.0103896,25277.5,25276.2
86.8596,worker_0,0,0.0467532,25264.5,25276.2
86.9032,hgs_child,1,0.4,34182.4,25276.2
86.9103,worker_0,1,0.145455,25262.4,25276.2
86.9172,worker_0,0,0.038961,25200,25262.4
86.9241,worker_0,0,0.0467532,25199.4,25262.4
86.9531,worker_0,0,0.0753247,25195,25262.4
86.9714,worker_2,1,0.348052,30440.4,25262.4
87.0043,hgs_child,1,0.381818,31057.3,25262.4
87.1053,hgs_child,1,0.574026,34935.3,25262.4
87.18,worker_2,1,0.350649,30428.2,25262.4
87.2063,hgs_child,1,0.384416,30733.4,25262.4
87.3075,hgs_child,1,0.654545,33460.6,25262.4
87.3747,hgs_child,0,0.0519481,25740.7,25262.4
87.3961,worker_2,1,0.350649,30421.5,25262.4
87.4757,hgs_child,1,0.462338,34562.5,25262.4
87.5767,hgs_child,1,0.615584,36718.7,25262.4
87.6139,worker_2,1,0.350649,30417.9,25262.4
87.6778,hgs_child,1,0.516883,31833.3,25262.4
87.7794,hgs_child,1,0.187013,28749.4,25262.4
87.8242,worker_2,1,0.350649,30408.3,25262.4
87.8607,worker_1,0,0.0935065,25233.2,25262.4
87.8804,hgs_child,1,0.322078,35883.7,25262.4
87.9814,hgs_child,1,0.514286,32771.5,25262.4
88.0363,worker_2,1,0.350649,30397.9,25262.4
88.0824,hgs_child,1,0.680519,33189.5,25262.4
88.101,worker_2,1,0.348052,30390.3,25262.4
88.1834,hgs_child,1,0.322078,28284.5,25262.4
88.2844,hgs_child,1,0.522078,34581.8,25262.4
88.4851,hgs_child,1,0.335065,27085.2,25262.4
88.5864,hgs_child,1,0.72987,36501.4,25262.4
88.6875,hgs_child,1,0.641558,32737.8,25262.4
88.7306,worker_2,1,0.366234,30362.6,25262.4
88.7885,hgs_child,1,0.407792,34794.8,25262.4
88.8898,hgs_child,1,0.737662,35396.8,25262.4
88.9431,worker_2,1,0.374026,30354.1,25262.4
88.9909,hgs_child,1,0.277922,33814.5,25262.4
89.0925,hgs_child,1,0.509091,32349.2,25262.4
89.1523,worker_2,1,0.379221,30350.5,25262.4
89.1936,hgs_child,1,0.397403,32985.9,25262.4
89.2948,hgs_child,1,0.509091,33555.8,25262.4
89.3788,worker_2,1,0.384416,30347.4,25262.4
89.3966,hgs_child,1,0.561039,37969.6,25262.4
89.4976,hgs_child,1,0.225974,33614.5,25262.4
89.59,worker_2,1,0.381818,30233.8,25262.4
89.5988,hgs_child,1,0.441558,31742,25262.4
89.7,hgs_child,1,0.701299,33010.7,25262.4
89.7969,worker_2,1,0.381818,30230.8,25262.4
89.801,hgs_child,1,0.620779,31244.7,25262.4
89.9019,hgs_child,1,0.293506,29536.3,25262.4
90.0029,hgs_child,1,0.41039,33045,25262.4
90.0043,worker_1,1,0.103896,25232.5,25262.4
90.0065,worker_2,1,0.374026,30226.7,25232.5
90.1044,hgs_child,1,0.698701,31418,25232.5
90.169,hgs_child,1,0.103896,25255.9,25232.5
90.2174,worker_2,1,0.374026,30214.3,25232.5
90.2701,hgs_child,1,0.563636,33065.6,25232.5
90.3715,hgs_child,1,0.561039,34466.1,25232.5
90.4386,worker_2,1,0.379221,30208.9,25232.5
90.4725,hgs_child,1,0.2,31011.3,25232.5
90.4978,worker_1,0,0.0181818,25220.1,25232.5
90.5668,hgs_child,1,0.241558,27739.3,25232.5
90.6489,worker_2,1,0.384416,30207.7,25232.5
90.6679,hgs_child,1,0.212987,27683.7,25232.5
90.7689,hgs_child,1,0.532468,32588.1,25232.5
90.8316,worker_1,0,0.0311688,25215.8,25232.5
90.8569,worker_2,1,0.387013,30200.6,25232.5
90.9701,hgs_child,1,0.719481,32344.7,25232.5
91.0942,hgs_child,1,0.719481,33402.7,25232.5
91.134,worker_2,1,0.384416,30194.4,25232.5
91.1958,hgs_child,1,0.387013,31208.2,25232.5
91.2968,hgs_child,1,0.524675,33161.1,25232.5
91.341,worker_2,1,0.381818,30193.7,25232.5
91.3979,hgs_child,1,0.693506,29184.5,25232.5
91.4989,hgs_child,1,0.457143,32320.8,25232.5
91.5465,worker_2,1,0.384416,30192.9,25232.5
91.6002,hgs_child,1,0.431169,36842.6,25232.5
91.6748,hgs_child,1,0.174026,25663.9,25232.5
91.7516,worker_2,1,0.394805,30187.8,25232.5
91.7757,hgs_child,1,0.311688,31532.9,25232.5
91.8768,hgs_child,1,0.363636,31713.9,25232.5
91.9607,worker_2,1,0.397403,30187.3,25232.5
91.9778,hgs_child,1,0.425974,33809.4,25232.5
92.0788,hgs_child,1,0.677922,33426.8,25232.5
92.1657,worker_2,1,0.4,30186.9,25232.5
92.1799,hgs_child,1,0.737662,34294.8,25232.5
92.2809,hgs_child,1,0.472727,30714.1,25232.5
92.3794,worker_2,1,0.4,30179.3,25232.5
92.3819,hgs_child,1,0.335065,33106.6,25232.5
92.483,hgs_child,1,0.545455,34502.8,25232.5
92.584,hgs_child,1,0.496104,31304.9,25232.5
92.586,worker_2,1,0.402597,30177.3,25232.5
92.6852,hgs_child,1,0.457143,35057.2,25232.5
92.7872,hgs_child,1,0.327273,36664.4,25232.5
92.7947,worker_2,1,0.402597,30174.3,25232.5
92.8883,hgs_child,1,0.148052,27594.3,25232.5
92.9899,hgs_child,1,0.446753,29734.8,25232.5
92.9997,worker_2,1,0.407792,30173.1,25232.5
93.0911,hgs_child,1,0.361039,31247.1,25232.5
93.1024,worker_2,1,0.41039,30167.3,25232.5
93.1921,hgs_child,1,0.324675,29240.8,25232.5
93.2931,hgs_child,1,0.223377,27310.1,25232.5
93.3941,hgs_child,1,0.498701,34431.3,25232.5
93.4951,hgs_child,1,0.322078,31078.4,25232.5
93.5962,hgs_child,1,0.755844,35773.2,25232.5
93.6971,hgs_child,1,0.176623,29829.8,25232.5
93.7982,hgs_child,1,0.641558,35084.1,25232.5
93.8992,hgs_child,1,0.581818,34090.7,25232.5
94.0002,hgs_child,1,0.6,29833.9,25232.5
94.1012,hgs_child,1,0.241558,28856.1,25232.5
94.2023,hgs_child,1,0.672727,34225.2,25232.5
94.3035,hgs_child,1,0.327273,34363.1,25232.5
94.4046,hgs_child,1,0.457143,29578.5,25232.5
94.5056,hgs_child,1,0.316883,29407,25232.5
94.6066,hgs_child,1,0.303896,29782.1,25232.5
94.7075,hgs_child,1,0.236364,31807.1,25232.5
94.8085,hgs_child,1,0.244156,31478.1,25232.5
94.9096,hgs_child,1,0.745455,37006.2,25232.5
95.0105,hgs_child,1,0.446753,29499.2,25232.5
95.1115,hgs_child,1,0.215584,28528.3,25232.5
95.2125,hgs_child,1,0.716883,32952.2,25232.5
95.3136,hgs_child,1,0.628571,34064.2,25232.5
95.4146,hgs_child,1,0.714286,33715.8,25232.5
95.5156,hgs_child,1,0.14026,26384.8,25232.5
95.6166,hgs_child,1,0.690909,31488.7,25232.5
95.7176,hgs_child,1,0.327273,31474.6,25232.5
95.8186,hgs_child,1,0.202597,30666.2,25232.5
95.9196,hgs_child,1,0.306494,30939.1,25232.5
96.0207,hgs_child,1,0.771429,37160.6,25232.5
96.1218,hgs_child,1,0.457143,33855.9,25232.5
96.2228,hgs_child,1,0.202597,27382.3,25232.5
96.3237,hgs_child,1,0.272727,30251.8,25232.5
96.4247,hgs_child,1,0.257143,27252.8,25232.5
96.5257,hgs_child,1,0.418182,31608.8,25232.5
96.6267,hgs_child,1,0.527273,36779.2,25232.5
96.7278,hgs_child,1,0.464935,31598.5,25232.5
96.8287,hgs_child,1,0.303896,33686.4,25232.5
96.9298,hgs_child,1,0.618182,37587.1,25232.5
97.0309,hgs_child,1,0.397403,33574.5,25232.5
97.1319,hgs_child,1,0.61039,38847.2,25232.5
97.2329,hgs_child,1,0.602597,38201.7,25232.5
97.334,hgs_child,1,0.584416,37534.1,25232.5
97.4349,hgs_child,1,0.285714,32070.8,25232.5
97.5361,hgs_child,1,0.527273,39223.5,25232.5
97.638,hgs_child,1,0.628571,38772.2,25232.5
97.7391,hgs_child,1,0.566234,30636,25232.5
97.8414,hgs_child,1,0.667532,35698.3,25232.5
97.9424,hgs_child,1,0.335065,30457.8,25232.5
98.0434,hgs_child,1,0.436364,36393.1,25232.5
98.1445,hgs_child,1,0.553247,35160.3,25232.5
98.1687,worker_1,0,0.0519481,25215.4,25232.5
98.2467,hgs_child,1,0.32987,34321.8,25232.5
98.3359,worker_2,1,0.462338,30161.5,25232.5
98.348,hgs_child,1,0.415584,31091.7,25232.5
98.4491,hgs_child,1,0.423377,31219.5,25232.5
98.542,worker_2,0,0.0103896,30147.9,25232.5
98.5501,hgs_child,1,0.698701,35694.5,25232.5
98.593,worker_1,0,0.0597403,25211.5,25232.5
98.6511,hgs_child,1,0.244156,27422.7,25232.5
98.7521,hgs_child,1,0.451948,38840.8,25232.5
98.7537,worker_2,0,0.012987,30115,25232.5
98.853,hgs_child,1,0.174026,29817.2,25232.5
98.9628,worker_2,1,0.192208,30114.2,25232.5
99.0545,hgs_child,1,0.550649,32919.5,25232.5
99.1555,hgs_child,1,0.527273,34002.2,25232.5
99.1719,worker_2,1,0.187013,30113.7,25232.5
99.2565,hgs_child,1,0.472727,37584.4,25232.5
99.3575,hgs_child,1,0.158442,28556,25232.5
99.4587,hgs_child,1,0.690909,36037.5,25232.5
99.483,worker_2,1,0.18961,30113.4,25232.5
99.5296,hgs_child,1,0.179221,26168.3,25232.5
99.6306,hgs_child,1,0.444156,37192.3,25232.5
99.6915,worker_2,1,0.192208,30105.9,25232.5
99.7319,hgs_child,1,0.179221,27144.9,25232.5
99.833,hgs_child,1,0.425974,34210.6,25232.5
99.8998,worker_2,1,0.194805,30104.6,25232.5
99.934,hgs_child,1,0.485714,32724.8,25232.5
100.035,hgs_child,1,0.698701,31331.2,25232.5
100.107,worker_2,1,0.2,30104.3,25232.5
100.136,hgs_child,1,0.467532,30682.1,25232.5
100.237,hgs_child,1,0.309091,30972.9,25232.5
100.315,worker_2,1,0.207792,30091,25232.5
100.338,hgs_child,1,0.807792,41134.4,25232.5
100.388,worker_0,1,0.155844,25193.4,25232.5
100.396,worker_0,0,0.025974,25190.2,25193.4
100.403,worker_0,0,0.0831169,25171.1,25193.4
100.439,hgs_child,1,0.698701,35066.7,25193.4
100.531,worker_2,1,0.202597,30046.6,25193.4
100.54,hgs_child,1,0.379221,36594.7,25193.4
100.588,hgs_child,0,0.0935065,25424.3,25193.4
100.689,hgs_child,1,0.187013,27645.9,25193.4
100.743,worker_2,0,0.0233766,30021.5,25193.4
100.79,hgs_child,1,0.322078,30161,25193.4
100.891,hgs_child,1,0.47013,37958.2,25193.4
100.95,worker_2,0,0.0285714,30015,25193.4
100.992,hgs_child,1,0.675325,34972.2,25193.4
101.093,hgs_child,1,0.612987,34242,25193.4
101.16,worker_2,0,0.038961,30013.5,25193.4
101.194,hgs_child,1,0.285714,33523.1,25193.4
101.295,hgs_child,1,0.597403,34390.4,25193.4
101.369,worker_2,0,0.0493506,30013,25193.4
101.396,hgs_child,1,0.735065,37142.2,25193.4
101.497,hgs_child,1,0.651948,40706.6,25193.4
101.574,worker_2,0,0.0571429,30012.9,25193.4
101.576,worker_1,0,0.0805195,25207.3,25193.4
101.598,hgs_child,1,0.472727,29444.8,25193.4
101.7,hgs_child,1,0.807792,41320.7,25193.4
101.778,worker_2,0,0.0597403,30008.2,25193.4
101.8,hgs_child,1,0.262338,34400.6,25193.4
101.901,hgs_child,1,0.116883,26070,25193.4
101.983,worker_2,0,0.0675325,30008.1,25193.4
102.002,hgs_child,1,0.574026,34493.9,25193.4
102.104,hgs_child,1,0.155844,34206.6,25193.4
102.187,worker_2,0,0.0779221,30003.8,25193.4
102.205,hgs_child,1,0.285714,30383.2,25193.4
102.306,hgs_child,1,0.316883,30671.1,25193.4
102.407,hgs_child,1,0.553247,36214.6,25193.4
102.437,worker_2,0,0.0779221,29999.5,25193.4
102.508,hgs_child,1,0.750649,36967.8,25193.4
102.609,hgs_child,1,0.748052,35254.8,25193.4
102.68,worker_2,0,0.0987013,29999.3,25193.4
102.71,hgs_child,1,0.233766,32798.6,25193.4
102.811,hgs_child,1,0.501299,33944.3,25193.4
102.887,worker_2,1,0.106494,29999.3,25193.4
102.913,hgs_child,1,0.690909,34298.5,25193.4
103.014,hgs_child,1,0.568831,35808.1,25193.4
103.098,worker_2,0,0.00779221,29995.9,25193.4
103.107,worker_2,0,0.0155844,29995.8,25193.4
103.115,hgs_child,1,0.249351,27882.2,25193.4
103.216,hgs_child,1,0.683117,39542.4,25193.4
103.317,hgs_child,1,0.402597,32220.9,25193.4
103.418,hgs_child,1,0.690909,39573.2,25193.4
103.435,worker_1,0,0.0909091,25205.9,25193.4
103.519,hgs_child,1,0.784416,35328.3,25193.4
103.62,hgs_child,1,0.21039,32474.9,25193.4
103.721,hgs_child,1,0.480519,35858.8,25193.4
103.822,hgs_child,1,0.18961,27506.2,25193.4
103.923,hgs_child,1,0.815584,44555.1,25193.4
104.124,hgs_child,1,0.672727,37252,25193.4
104.142,hgs_child,0,0.0701299,25551.3,25193.4
104.243,hgs_child,1,0.758442,34133,25193.4
104.344,hgs_child,1,0.272727,32420.3,25193.4
104.445,hgs_child,1,0.109091,27906,25193.4
104.546,hgs_child,1,0.412987,30395.2,25193.4
104.647,hgs_child,1,0.667532,34563.1,25193.4
104.669,worker_1,1,0.103896,25205,25193.4
104.748,hgs_child,1,0.415584,32661.2,25193.4
104.85,hgs_child,1,0.631169,40084.3,25193.4
104.952,hgs_child,1,0.688312,34897.6,25193.4
105.053,hgs_child,1,0.698701,36731.3,25193.4
105.154,hgs_child,1,0.706494,31456.9,25193.4
105.256,hgs_child,1,0.355844,33707,25193.4
105.261,worker_0,1,0.127273,25170,25193.4
105.357,hgs_child,1,0.324675,44091.8,25170
105.458,hgs_child,1,0.428571,29060.7,25170
105.559,hgs_child,1,0.163636,27177,25170
105.66,hgs_child,1,0.774026,38366.3,25170
105.761,hgs_child,1,0.792208,36129.3,25170
105.862,hgs_child,1,0.45974,31131.4,25170
105.963,hgs_child,1,0.402597,33376.4,25170
106.064,hgs_child,1,0.8,39178.9,25170
106.165,hgs_child,1,0.457143,29425,25170
106.266,hgs_child,1,0.47013,38452.9,25170
106.367,hgs_child,1,0.220779,31193.3,25170
106.568,hgs_child,1,0.6,31891.3,25170
106.67,hgs_child,1,0.727273,39159.3,25170
106.771,hgs_child,1,0.651948,32627.6,25170
106.872,hgs_child,1,0.680519,37039.2,25170
106.973,hgs_child,1,0.316883,29551.6,25170
107.074,hgs_child,1,0.646753,28833.8,25170
107.175,hgs_child,1,0.555844,32768.5,25170
107.25,worker_2,1,0.116883,29994.9,25170
107.276,hgs_child,1,0.322078,28276.6,25170
107.377,hgs_child,1,0.566234,35627,25170
107.459,worker_2,0,0.00519481,29977.6,25170
107.478,hgs_child,1,0.644156,34541.4,25170
107.579,hgs_child,1,0.428571,35278.3,25170
107.665,worker_2,0,0.012987,29958.2,25170
107.68,hgs_child,1,0.337662,32546.1,25170
107.781,hgs_child,1,0.41039,35240.2,25170
107.872,worker_2,0,0.0207792,29943,25170
107.882,hgs_child,1,0.327273,30272.7,25170
107.984,hgs_child,1,0.350649,27638.3,25170
108.077,worker_2,0,0.0233766,29928.1,25170
108.085,hgs_child,1,0.581818,30103.2,25170
108.107,worker_2,0,0.0311688,29917.8,25170
108.228,hgs_child,1,0.58961,36446.6,25170
108.329,hgs_child,1,0.293506,28230.7,25170
108.384,worker_2,0,0.038961,29916.3,25170
108.43,hgs_child,1,0.638961,36301.8,25170
108.531,hgs_child,1,0.67013,39336.2,25170
108.587,worker_2,0,0.0493506,29914.6,25170
108.732,hgs_child,1,0.709091,32545,25170
108.793,worker_2,0,0.0571429,29911.4,25170
108.833,hgs_child,1,0.527273,30791,25170
108.934,hgs_child,1,0.537662,34828.6,25170
109,worker_2,0,0.0597403,29906.1,25170
109.035,hgs_child,1,0.542857,36215.9,25170
109.137,hgs_child,1,0.379221,28716.6,25170
109.207,worker_2,0,0.0649351,29905,25170
109.238,hgs_child,1,0.662338,29782.6,25170
109.339,hgs_child,1,0.431169,35991.7,25170
109.415,worker_2,0,0.0675325,29903.4,25170
109.44,hgs_child,1,0.436364,33906.9,25170
109.541,hgs_child,1,0.709091,39939.9,25170
109.622,worker_2,0,0.0727273,29900.3,25170
109.642,hgs_child,1,0.174026,31121.5,25170
109.743,hgs_child,1,0.358442,32830.1,25170
109.827,worker_2,0,0.0805195,29897.2,25170
109.844,hgs_child,1,0.212987,28210.2,25170
109.945,hgs_child,1,0.581818,33621.8,25170
110.033,worker_2,0,0.0935065,29885.7,25170
110.046,hgs_child,1,0.246753,32222.7,25170
110.147,hgs_child,1,0.207792,28298,25170
110.165,worker_0,0,0.00779221,25169.5,25170
110.236,worker_2,0,0.0987013,29884.9,25170
110.248,hgs_child,1,0.771429,41595.6,25170
110.349,hgs_child,1,0.74026,39289.3,25170
110.446,worker_2,1,0.106494,29881.7,25170
110.45,hgs_child,1,0.623377,33322.4,25170
110.551,hgs_child,1,0.244156,29491.5,25170
110.652,hgs_child,1,0.272727,29459.1,25170
110.653,worker_2,0,0.0103896,29880.1,25170
110.753,hgs_child,1,0.137662,26898.2,25170
110.854,hgs_child,1,0.220779,29197.1,25170
110.856,worker_2,0,0.0207792,29879.6,25170
110.955,hgs_child,1,0.47013,32807.3,25170
111.056,hgs_child,1,0.706494,34300.3,25170
111.063,worker_2,0,0.0311688,29879.1,25170
111.157,hgs_child,1,0.202597,28273.9,25170
111.258,hgs_child,1,0.262338,28307.9,25170
111.269,worker_2,0,0.0285714,29869,25170
111.359,hgs_child,1,0.683117,35065,25170
111.46,hgs_child,1,0.431169,33133.8,25170
111.481,worker_2,0,0.0337662,29868.2,25170
111.561,hgs_child,1,0.509091,35068.9,25170
111.662,hgs_child,1,0.579221,36103.9,25170
111.685,worker_2,0,0.0441558,29863.8,25170
111.749,hgs_child,1,0.202597,25432.3,25170
111.849,hgs_child,1,0.137662,26991.4,25170
111.891,worker_2,0,0.0493506,29862.6,25170
111.951,hgs_child,1,0.685714,31780.1,25170
112.052,hgs_child,1,0.633766,33447.1,25170
112.097,worker_2,0,0.0545455,29861,25170
112.153,hgs_child,1,0.535065,35808.3,25170
112.254,hgs_child,1,0.394805,29430.1,25170
112.302,worker_2,0,0.0571429,29860.6,25170
112.355,hgs_child,1,0.58961,32798.7,25170
112.456,hgs_child,1,0.597403,38414.5,25170
112.509,worker_2,0,0.0623377,29859.9,25170
112.557,hgs_child,1,0.690909,34241.9,25170
112.658,hgs_child,1,0.475325,35165.9,25170
112.717,worker_2,0,0.0701299,29859.6,25170
112.759,hgs_child,1,0.345455,30302,25170
112.86,hgs_child,1,0.628571,38959.4,25170
112.92,worker_2,0,0.0779221,29856.8,25170
112.961,hgs_child,1,0.696104,31594.1,25170
113.063,hgs_child,1,0.488312,30800.1,25170
113.109,worker_2,0,0.0727273,29856,25170
113.164,hgs_child,1,0.314286,32945.6,25170
113.265,hgs_child,1,0.607792,37842.8,25170
113.321,worker_2,0,0.0805195,29855.4,25170
113.366,hgs_child,1,0.722078,34229,25170
113.467,hgs_child,1,0.548052,32905.1,25170
113.525,worker_2,0,0.0909091,29855.3,25170
113.568,hgs_child,1,0.579221,32401.6,25170
113.669,hgs_child,1,0.527273,33801.1,25170
113.729,worker_2,0,0.0987013,29826.4,25170
113.77,hgs_child,1,0.225974,30014.2,25170
113.871,hgs_child,1,0.215584,28546.8,25170
113.931,worker_2,1,0.246753,29810.8,25170
113.972,hgs_child,1,0.371429,30359.6,25170
114.073,hgs_child,1,0.779221,39607.7,25170
114.133,worker_2,0,0.00519481,29791.5,25170
114.174,hgs_child,1,0.545455,35101.9,25170
114.275,hgs_child,1,0.166234,30929.1,25170
114.333,worker_2,0,0.0103896,29765.7,25170
114.376,hgs_child,1,0.285714,30470.2,25170
114.477,hgs_child,1,0.301299,35032.9,25170
114.536,worker_2,0,0.0155844,29764.7,25170
114.578,hgs_child,1,0.374026,32258.6,25170
114.681,hgs_child,1,0.137662,30526.4,25170
114.781,hgs_child,0,0.0987013,26039.4,25170
114.82,worker_2,0,0.0233766,29763.9,25170
114.882,hgs_child,1,0.467532,34350.7,25170
114.983,hgs_child,1,0.584416,37362,25170
115.022,worker_2,0,0.0285714,29763.4,25170
115.084,hgs_child,1,0.438961,32290.8,25170
115.185,hgs_child,1,0.418182,31380.8,25170
115.231,worker_2,0,0.0415584,29741.5,25170
115.286,hgs_child,1,0.207792,33503.8,25170
115.388,hgs_child,1,0.25974,31687.9,25170
115.435,worker_2,0,0.0441558,29741.1,25170
115.489,hgs_child,1,0.238961,28694.7,25170
115.59,hgs_child,1,0.594805,32178.4,25170
115.691,hgs_child,1,0.454545,36190.3,25170
115.846,worker_2,0,0.0571429,29741.1,25170
115.892,hgs_child,1,0.306494,34341.8,25170
115.993,hgs_child,1,0.61039,38824.8,25170
116.094,hgs_child,1,0.275325,31210.4,25170
116.195,hgs_child,1,0.332468,30815.7,25170
116.296,hgs_child,1,0.358442,28760.3,25170
116.397,hgs_child,1,0.618182,35542.6,25170
116.498,hgs_child,1,0.651948,33668.9,25170
116.599,hgs_child,1,0.249351,29627.9,25170
116.606,hgs_child,0,0.0233766,25255.9,25170
116.707,hgs_child,1,0.451948,35923.8,25170
116.808,hgs_child,1,0.353247,37390.9,25170
116.861,worker_2,0,0.0987013,29740.1,25170
116.909,hgs_child,1,0.579221,34126.7,25170
116.922,worker_1,0,0.0155844,25200.8,25170
117.01,hgs_child,1,0.2,35334,25170
117.061,worker_2,1,0.101299,29736.4,25170
117.111,hgs_child,1,0.716883,38589.2,25170
117.212,hgs_child,1,0.831169,37246.3,25170
117.262,worker_2,0,0.00779221,29728.5,25170
117.313,hgs_child,1,0.246753,25837.1,25170
117.462,worker_2,0,0.0155844,29722.7,25170
117.514,hgs_child,1,0.264935,30708.3,25170
117.615,hgs_child,1,0.636364,30731.6,25170
117.66,worker_2,0,0.0233766,29720.8,25170
117.716,hgs_child,1,0.516883,36854.9,25170
117.817,hgs_child,1,0.628571,35291.1,25170
117.861,worker_2,0,0.0285714,29717.5,25170
117.918,hgs_child,1,0.324675,28216.9,25170
118.019,hgs_child,1,0.545455,34734.7,25170
118.065,worker_2,0,0.0337662,29716.3,25170
118.121,hgs_child,1,0.174026,27970.8,25170
118.223,hgs_child,1,0.592208,32647.3,25170
118.267,worker_2,0,0.0415584,29715.7,25170
118.324,hgs_child,1,0.623377,40871.3,25170
118.425,hgs_child,1,0.587013,39941.1,25170
118.467,worker_2,0,0.0415584,29710.9,25170
118.526,hgs_child,1,0.405195,32769.2,25170
118.627,hgs_child,1,0.592208,34045.7,25170
118.728,hgs_child,1,0.21039,31105.1,25170
118.825,hgs_child,1,0.25974,26576.7,25170
118.927,hgs_child,1,0.631169,34507.8,25170
119.037,hgs_child,1,0.714286,38392.1,25170
119.138,hgs_child,1,0.698701,34514.9,25170
119.239,hgs_child,1,0.218182,25178.8,25170
119.34,hgs_child,1,0.319481,28069,25170
119.441,hgs_child,1,0.45974,31726.5,25170
119.542,hgs_child,1,0.685714,35009,25170
119.643,hgs_child,1,0.509091,39178.5,25170
119.744,hgs_child,1,0.763636,35972.7,25170
119.845,hgs_child,1,0.34026,28364,25170
119.946,hgs_child,1,0.381818,29293.2,25170
120.048,hgs_child,1,0.407792,32484.6,25170
120.149,hgs_child,1,0.179221,27263.2,25170
120.25,hgs_child,1,0.296104,27787.9,25170
120.351,hgs_child,1,0.4,34320.8,25170
120.452,hgs_child,1,0.714286,37408.7,25170
120.553,hgs_child,1,0.202597,30492,25170
120.58,hgs_child,0,0.025974,25645.8,25170
120.681,hgs_child,1,0.766234,34102.4,25170
120.712,worker_1,0,0.0103896,25163.5,25170
120.782,hgs_child,1,0.561039,29459.2,25170
120.883,hgs_child,1,0.688312,36989.6,25170
120.943,worker_1,0,0.0155844,25160.8,25170
121.016,worker_1,0,0.0233766,25160.3,25170
121.084,hgs_child,1,0.615584,37166.9,25170
121.185,hgs_child,1,0.361039,29823,25170
121.286,hgs_child,1,0.709091,35563.5,25170
121.381,hgs_child,1,0.111688,25679,25170
121.482,hgs_child,1,0.625974,32388.5,25170
121.583,hgs_child,1,0.233766,34014.4,25170
121.643,worker_1,0,0.0415584,25155.5,25170
121.684,hgs_child,1,0.735065,35153.1,25170
121.785,hgs_child,1,0.402597,37518,25170
121.886,hgs_child,1,0.750649,35907.3,25170
121.987,hgs_child,1,0.566234,30145.9,25170
122.009,worker_1,0,0.0493506,25153.9,25170
122.088,hgs_child,1,0.441558,35565.6,25170
122.189,hgs_child,1,0.381818,28844.3,25170
122.29,hgs_child,1,0.405195,31899.2,25170
122.391,hgs_child,1,0.335065,28234.6,25170
122.492,hgs_child,1,0.184416,29417.7,25170
122.594,hgs_child,1,0.727273,36096.9,25170
122.695,hgs_child,1,0.280519,31805.9,25170
122.796,hgs_child,1,0.337662,32006.8,25170
122.897,hgs_child,1,0.574026,32831.2,25170
122.998,hgs_child,1,0.722078,40956.2,25170
123.199,hgs_child,1,0.6,31521.1,25170
123.301,hgs_child,1,0.251948,28941.2,25170
123.402,hgs_child,1,0.748052,35796.2,25170
123.503,hgs_child,1,0.612987,34852.5,25170
123.604,hgs_child,1,0.550649,32870.9,25170
123.705,hgs_child,1,0.212987,28628.6,25170
123.756,worker_1,0,0.0571429,25153.5,25170
123.806,hgs_child,1,0.111688,27057,25170
123.907,hgs_child,1,0.379221,37280.1,25170
124.008,hgs_child,1,0.597403,40325.7,25170
124.084,hgs_child,1,0.101299,26702,25170
124.185,hgs_child,1,0.176623,27294.6,25170
124.287,hgs_child,1,0.716883,38647,25170
124.297,hgs_child,0,0.0233766,25663.9,25170
124.356,hgs_child,0,0.0857143,25155.1,25170
124.457,hgs_child,1,0.755844,35783.2,25170
124.559,hgs_child,1,0.501299,34776.3,25170
124.66,hgs_child,1,0.171429,26510.7,25170
124.761,hgs_child,1,0.535065,32840.1,25170
124.773,worker_1,0,0.0597403,25135.5,25170
124.862,hgs_child,1,0.698701,31984.8,25170
124.957,worker_1,0,0.0909091,25131.9,25170
124.963,hgs_child,1,0.293506,31164.9,25170
125.064,hgs_child,1,0.742857,35602.4,25170
125.165,hgs_child,1,0.74026,34460.2,25170
125.199,worker_0,0,0.0363636,25165.4,25170
125.267,hgs_child,1,0.425974,32460.8,25170
125.355,hgs_child,1,0.153247,25471.3,25170
125.456,hgs_child,1,0.2,29822.8,25170
125.557,hgs_child,1,0.501299,35188.2,25170
125.658,hgs_child,1,0.148052,26163.2,25170
125.759,hgs_child,1,0.220779,27886,25170
125.86,hgs_child,1,0.763636,35386.5,25170
125.959,hgs_child,1,0.316883,32687.9,25170
126.06,hgs_child,1,0.47013,33042.4,25170
126.161,hgs_child,1,0.542857,34731.6,25170
126.262,hgs_child,1,0.306494,30779.7,25170
126.363,hgs_child,1,0.316883,30076.6,25170
126.43,worker_1,0,0.0987013,25127.9,25170
126.464,hgs_child,1,0.490909,32479.7,25170
126.565,hgs_child,1,0.412987,31377.4,25170
126.666,hgs_child,1,0.483117,30450.1,25170
126.767,hgs_child,1,0.249351,30693.8,25170
126.868,hgs_child,1,0.719481,35793.1,25170
126.969,hgs_child,1,0.511688,32231.5,25170
127.07,hgs_child,1,0.457143,34053.3,25170
127.171,hgs_child,1,0.275325,31181,25170
127.224,hgs_child,0,0.0519481,25218.1,25170
127.325,hgs_child,1,0.67013,34407,25170
127.426,hgs_child,1,0.231169,29543,25170
127.447,hgs_child,0,0.0675325,25563.7,25170
127.548,hgs_child,1,0.680519,33465.3,25170
127.649,hgs_child,1,0.316883,30530.8,25170
127.75,hgs_child,1,0.745455,31284.3,25170
127.851,hgs_child,1,0.155844,26870.2,25170
127.892,hgs_child,0,0.0909091,25290.7,25170
127.993,hgs_child,1,0.205195,26309,25170
128.094,hgs_child,1,0.319481,35583.2,25170
128.195,hgs_child,1,0.703896,32041.4,25170
128.296,hgs_child,1,0.716883,33801.7,25170
128.398,hgs_child,1,0.545455,35508.6,25170
128.408,worker_2,1,0.181818,29709.1,25170
128.499,hgs_child,1,0.81039,36503,25170
128.6,hgs_child,1,0.225974,27913.2,25170
128.611,worker_2,1,0.179221,29666.9,25170
128.701,hgs_child,1,0.753247,41541.5,25170
128.802,hgs_child,1,0.363636,29484.9,25170
128.814,worker_2,1,0.179221,29649,25170
128.903,hgs_child,1,0.264935,31522.9,25170
129.004,hgs_child,1,0.402597,27642.2,25170
129.02,worker_2,1,0.176623,29635.7,25170
129.035,worker_1,1,0.109091,25123.3,25170
129.105,hgs_child,1,0.724675,31347,25123.3
129.206,hgs_child,1,0.254545,29267,25123.3
129.222,worker_2,1,0.174026,29610.7,25123.3
129.307,hgs_child,1,0.750649,29313.9,25123.3
129.39,worker_1,0,0.0493506,25109.9,25123.3
129.408,hgs_child,1,0.275325,28360.8,25123.3
129.425,worker_2,1,0.171429,29585,25123.3
129.509,hgs_child,1,0.350649,27570.3,25123.3
129.625,worker_2,1,0.166234,29565.7,25123.3
129.71,hgs_child,1,0.571429,38807.4,25123.3
129.811,hgs_child,1,0.322078,30222.3,25123.3
129.827,worker_2,1,0.166234,29548.2,25123.3
129.912,hgs_child,1,0.32987,38123.2,25123.3
130.013,hgs_child,1,0.727273,30856.7,25123.3
130.031,worker_2,1,0.171429,29538.2,25123.3
130.114,hgs_child,1,0.257143,32397.7,25123.3
130.215,hgs_child,1,0.722078,34694.3,25123.3
130.234,worker_2,1,0.179221,29508.1,25123.3
130.318,hgs_child,1,0.441558,34060.5,25123.3
130.471,hgs_child,1,0.654545,31346.9,25123.3
130.619,hgs_child,1,0.680519,43713.1,25123.3
130.695,worker_2,1,0.179221,29478,25123.3
130.723,hgs_child,1,0.457143,37092.8,25123.3
130.825,hgs_child,1,0.337662,29173.7,25123.3
130.926,hgs_child,1,0.238961,35955.6,25123.3
130.946,worker_2,1,0.179221,29471.4,25123.3
130.948,hgs_child,0,0.0519481,29394.5,25123.3
130.992,hgs_child,1,0.109091,26644.9,25123.3
131.093,hgs_child,1,0.644156,32117.5,25123.3
131.148,worker_2,1,0.179221,29466.7,25123.3
131.194,hgs_child,1,0.184416,28260.3,25123.3
131.295,hgs_child,1,0.127273,27472.2,25123.3
131.355,worker_2,1,0.168831,29447.1,25123.3
131.396,hgs_child,1,0.337662,29835.1,25123.3
131.497,hgs_child,1,0.584416,33135.9,25123.3
131.598,hgs_child,1,0.384416,29723.8,25123.3
131.628,worker_1,0,0.0623377,25106.4,25123.3
131.699,hgs_child,1,0.350649,35033.9,25123.3
131.9,hgs_child,1,0.594805,32234.2,25123.3
132.001,hgs_child,1,0.402597,35080.1,25123.3
132.102,hgs_child,1,0.220779,27795.9,25123.3
132.204,hgs_child,1,0.644156,33291.4,25123.3
132.219,worker_2,0,0.00779221,25176.8,25123.3
132.305,hgs_child,1,0.319481,31345.2,25123.3
132.393,worker_2,0,0.0155844,25174.9,25123.3
132.406,hgs_child,1,0.316883,33173.2,25123.3
132.507,hgs_child,1,0.464935,33207.2,25123.3
132.567,worker_2,0,0.0233766,25173.9,25123.3
132.608,hgs_child,1,0.748052,37109.7,25123.3
132.709,hgs_child,1,0.301299,31391.6,25123.3
132.742,worker_2,0,0.0311688,25173.8,25123.3
132.81,hgs_child,1,0.368831,32904.3,25123.3
132.889,hgs_child,1,0.184416,25259,25123.3
132.99,hgs_child,1,0.701299,36364.9,25123.3
133.091,hgs_child,1,0.225974,29719.7,25123.3
133.192,hgs_child,1,0.27013,31179.8,25123.3
133.293,hgs_child,1,0.225974,30216.9,25123.3
133.394,hgs_child,1,0.197403,29255.4,25123.3
133.495,hgs_child,1,0.766234,36519.9,25123.3
133.596,hgs_child,1,0.161039,32511.5,25123.3
133.644,hgs_child,0,0.0779221,26674.9,25123.3
133.745,hgs_child,1,0.714286,33112.4,25123.3
133.846,hgs_child,1,0.205195,30676,25123.3
133.947,hgs_child,1,0.425974,31574.2,25123.3
134.048,hgs_child,1,0.571429,35194.9,25123.3
134.149,hgs_child,1,0.337662,36858.5,25123.3
134.252,hgs_child,1,0.249351,35140.6,25123.3
134.353,hgs_child,1,0.342857,28198.8,25123.3
134.454,hgs_child,1,0.587013,30144.3,25123.3
134.555,hgs_child,1,0.490909,31666,25123.3
134.568,hgs_child,0,0.0233766,25118,25123.3
134.664,hgs_child,1,0.166234,25771.9,25123.3
134.765,hgs_child,1,0.781818,34824.8,25123.3
134.866,hgs_child,1,0.25974,31004.2,25123.3
134.967,hgs_child,1,0.467532,31249.9,25123.3
135.169,hgs_child,1,0.462338,32683.8,25123.3
135.208,worker_0,0,0.0519481,25158.7,25123.3
135.235,worker_0,0,0.0701299,25153.6,25123.3
135.262,worker_0,0,0.0805195,25152.4,25123.3
135.27,hgs_child,1,0.501299,35726.8,25123.3
135.311,worker_0,0,0.0909091,25150.8,25123.3
135.371,hgs_child,1,0.238961,27236.1,25123.3
135.386,hgs_child,0,0.0233766,25648.5,25123.3
135.488,hgs_child,1,0.402597,29247.3,25123.3
135.589,hgs_child,1,0.553247,37606.2,25123.3
135.69,hgs_child,1,0.233766,30271.8,25123.3
135.791,hgs_child,1,0.753247,40398.8,25123.3
135.892,hgs_child,1,0.509091,31605.3,25123.3
135.993,hgs_child,1,0.366234,30414.2,25123.3
136.094,hgs_child,1,0.722078,34525.3,25123.3
136.195,hgs_child,1,0.714286,39664.4,25123.3
136.322,hgs_child,1,0.150649,27758.5,25123.3
136.424,hgs_child,1,0.454545,31122.6,25123.3
136.525,hgs_child,1,0.425974,30349.8,25123.3
136.626,hgs_child,1,0.625974,33012.6,25123.3
136.727,hgs_child,1,0.288312,32826.9,25123.3
136.828,hgs_child,1,0.545455,31456.9,25123.3
136.867,worker_1,0,0.0831169,25099.7,25123.3
136.929,hgs_child,1,0.696104,42144.9,25123.3
137.03,hgs_child,1,0.394805,31102.8,25123.3
137.131,hgs_child,1,0.524675,33840,25123.3
137.232,hgs_child,1,0.314286,30409.5,25123.3
137.334,hgs_child,1,0.52987,32779,25123.3
137.435,hgs_child,1,0.755844,36009.9,25123.3
137.536,hgs_child,1,0.241558,27406.6,25123.3
137.637,hgs_child,1,0.267532,26701.2,25123.3
137.739,hgs_child,1,0.233766,29497.5,25123.3
137.84,hgs_child,1,0.397403,30508.9,25123.3
137.941,hgs_child,1,0.722078,32198.7,25123.3
138.042,hgs_child,1,0.454545,32281,25123.3
138.143,hgs_child,1,0.446753,34565.3,25123.3
138.244,hgs_child,1,0.233766,28003.2,25123.3
138.345,hgs_child,1,0.65974,36384.3,25123.3
138.446,hgs_child,1,0.218182,29252,25123.3
138.548,hgs_child,1,0.571429,32222.9,25123.3
138.649,hgs_child,1,0.532468,35017.2,25123.3
138.706,worker_2,0,0.038961,25172.2,25123.3
138.75,hgs_child,1,0.680519,34726.9,25123.3
138.851,hgs_child,1,0.412987,29994.7,25123.3
138.952,hgs_child,1,0.32987,30149.8,25123.3
139.053,hgs_child,1,0.374026,32766,25123.3
139.155,hgs_child,1,0.174026,25969.5,25123.3
139.256,hgs_child,1,0.52987,36452.8,25123.3
139.357,hgs_child,1,0.67013,36707.9,25123.3
139.458,hgs_child,1,0.225974,26946.4,25123.3
139.559,hgs_child,1,0.532468,30998,25123.3
139.66,hgs_child,1,0.641558,31445.7,25123.3
139.761,hgs_child,1,0.316883,33870.7,25123.3
139.862,hgs_child,1,0.685714,37802.1,25123.3
139.963,hgs_child,1,0.509091,34365.1,25123.3
140.064,hgs_child,1,0.397403,34334.3,25123.3
140.108,worker_2,0,0.0467532,25171.8,25123.3
140.165,hgs_child,1,0.438961,35508.8,25123.3
140.267,hgs_child,1,0.381818,31779.3,25123.3
140.368,hgs_child,1,0.631169,34990.9,25123.3
140.469,hgs_child,1,0.449351,33373.6,25123.3
140.506,worker_1,0,0.0883117,25097.8,25123.3
140.57,hgs_child,1,0.423377,34785.3,25123.3
140.671,hgs_child,1,0.607792,32358.4,25123.3
140.772,hgs_child,1,0.584416,32642.9,25123.3
140.873,hgs_child,1,0.285714,31345.8,25123.3
140.974,hgs_child,1,0.446753,36966.6,25123.3
141.075,hgs_child,1,0.792208,35423.8,25123.3
141.176,hgs_child,1,0.628571,31225.7,25123.3
141.216,worker_1,1,0.101299,25094.2,25123.3
141.277,hgs_child,1,0.701299,37215,25094.2
141.378,hgs_child,1,0.155844,28317.7,25094.2
141.479,hgs_child,1,0.597403,30028.4,25094.2
141.58,hgs_child,1,0.446753,31027.8,25094.2
141.681,hgs_child,1,0.615584,27904.1,25094.2
141.782,hgs_child,1,0.503896,34462.2,25094.2
141.883,hgs_child,1,0.306494,32869,25094.2
141.984,hgs_child,1,0.745455,34904.3,25094.2
142.085,hgs_child,1,0.690909,32488.9,25094.2
142.184,hgs_child,1,0.288312,28483.4,25094.2
142.285,hgs_child,1,0.657143,32735.5,25094.2
142.386,hgs_child,1,0.680519,34803.8,25094.2
142.488,hgs_child,1,0.67013,43791,25094.2
142.689,hgs_child,1,0.280519,32393.3,25094.2
142.79,hgs_child,1,0.664935,38181.8,25094.2
142.891,hgs_child,1,0.405195,33174.3,25094.2
142.992,hgs_child,1,0.737662,30918.5,25094.2
143.094,hgs_child,1,0.623377,31058.7,25094.2
143.195,hgs_child,1,0.625974,33579.8,25094.2
143.296,hgs_child,1,0.187013,27749.1,25094.2
143.397,hgs_child,1,0.685714,35078.1,25094.2
143.498,hgs_child,1,0.433766,33653.9,25094.2
143.6,hgs_child,1,0.779221,39851.8,25094.2
143.701,hgs_child,1,0.251948,29876.2,25094.2
143.781,worker_2,0,0.0805195,25167.5,25094.2
143.802,hgs_child,1,0.267532,37382.3,25094.2
143.903,hgs_child,1,0.405195,29362.5,25094.2
144.004,hgs_child,1,0.581818,32984.8,25094.2
144.105,hgs_child,1,0.722078,36367.8,25094.2
144.206,hgs_child,1,0.368831,32476.4,25094.2
144.307,hgs_child,1,0.654545,31954.1,25094.2
144.408,hgs_child,1,0.636364,36128.4,25094.2
144.509,hgs_child,1,0.58961,35970.7,25094.2
144.61,hgs_child,1,0.641558,33185.9,25094.2
144.712,hgs_child,1,0.688312,31631.7,25094.2
144.813,hgs_child,1,0.812987,37044.4,25094.2
144.914,hgs_child,1,0.651948,40549.9,25094.2
145.015,hgs_child,1,0.483117,36414.8,25094.2
145.116,hgs_child,1,0.327273,28809.2,25094.2
145.184,worker_1,0,0.0181818,25073.6,25094.2
145.217,hgs_child,1,0.737662,34367.6,25094.2
145.305,worker_0,1,0.109091,25143.2,25094.2
145.318,hgs_child,1,0.488312,30432,25094.2
145.328,worker_0,0,0.0103896,25130.1,25094.2
145.419,hgs_child,1,0.636364,31751.9,25094.2
145.446,hgs_child,0,0.0571429,25541,25094.2
145.548,hgs_child,1,0.462338,35452.2,25094.2
145.649,hgs_child,1,0.18961,28658.2,25094.2
145.75,hgs_child,1,0.238961,27197.3,25094.2
145.851,hgs_child,1,0.171429,27020.3,25094.2
145.952,hgs_child,1,0.646753,35672.3,25094.2
146.054,hgs_child,1,0.212987,27727.3,25094.2
146.155,hgs_child,1,0.618182,34650.3,25094.2
146.257,hgs_child,1,0.703896,34254.6,25094.2
146.358,hgs_child,1,0.477922,34795.1,25094.2
146.459,hgs_child,1,0.532468,35219.3,25094.2
146.518,hgs_child,0,0.0779221,25150.2,25094.2
146.619,hgs_child,1,0.223377,27242,25094.2
146.72,hgs_child,1,0.225974,27620.3,25094.2
146.821,hgs_child,1,0.748052,37203.7,25094.2
146.922,hgs_child,1,0.420779,29528.9,25094.2
147.024,hgs_child,1,0.688312,35626.7,25094.2
147.125,hgs_child,1,0.433766,34140.5,25094.2
147.226,hgs_child,1,0.431169,28008,25094.2
147.327,hgs_child,1,0.350649,32785.2,25094.2
147.428,hgs_child,1,0.18961,27467.5,25094.2
147.529,hgs_child,1,0.787013,41655.7,25094.2
147.63,hgs_child,1,0.490909,37307.8,25094.2
147.731,hgs_child,1,0.358442,31147.6,25094.2
147.832,hgs_child,1,0.561039,34619.6,25094.2
147.933,hgs_child,1,0.109091,26816.7,25094.2
148.034,hgs_child,1,0.716883,36922.1,25094.2
148.135,hgs_child,1,0.135065,27002.6,25094.2
148.236,hgs_child,1,0.542857,33946.7,25094.2
148.337,hgs_child,1,0.52987,34817.2,25094.2
148.401,hgs_child,0,0.0649351,25278,25094.2
148.502,hgs_child,1,0.371429,33352.4,25094.2
148.604,hgs_child,1,0.537662,37006.1,25094.2
148.705,hgs_child,1,0.251948,32137.2,25094.2
148.806,hgs_child,1,0.163636,26629,25094.2
148.907,hgs_child,1,0.327273,33197.6,25094.2
149.008,hgs_child,1,0.618182,36577.6,25094.2
149.109,hgs_child,1,0.316883,29319.2,25094.2
149.21,hgs_child,1,0.706494,34488.5,25094.2
149.313,hgs_child,1,0.568831,36638.5,25094.2
149.414,hgs_child,1,0.561039,34895.9,25094.2
149.438,worker_1,0,0.0207792,25073.6,25094.2
149.481,hgs_child,1,0.14026,27124.5,25094.2
149.508,hgs_child,0,0.0415584,25568.3,25094.2
149.583,hgs_child,1,0.109091,26821.1,25094.2
149.684,hgs_child,1,0.67013,30217.3,25094.2
149.785,hgs_child,1,0.238961,27754,25094.2
149.986,hgs_child,1,0.761039,38199.7,25094.2
150.087,hgs_child,1,0.4,33226.6,25094.2
150.188,hgs_child,1,0.506494,33193.7,25094.2
150.289,hgs_child,1,0.218182,29650.2,25094.2
150.39,hgs_child,1,0.433766,34907.9,25094.2
150.492,hgs_child,1,0.257143,29049,25094.2
150.593,hgs_child,1,0.366234,30531.1,25094.2
150.694,hgs_child,1,0.25974,27980.4,25094.2
150.795,hgs_child,1,0.514286,31268.2,25094.2
150.896,hgs_child,1,0.379221,34826.3,25094.2
150.997,hgs_child,1,0.166234,27107.5,25094.2
151.198,hgs_child,1,0.18961,26324.9,25094.2
151.299,hgs_child,1,0.72987,34599.6,25094.2
151.4,hgs_child,1,0.662338,32559.6,25094.2
151.501,hgs_child,1,0.766234,36592.9,25094.2
151.591,worker_1,0,0.0337662,25071.9,25094.2
151.602,hgs_child,1,0.597403,33038.1,25094.2
151.703,hgs_child,1,0.431169,36363.7,25094.2
151.804,hgs_child,1,0.579221,32699.5,25094.2
151.906,hgs_child,1,0.683117,35158.5,25094.2
152.007,hgs_child,1,0.4,31426.5,25094.2
152.108,hgs_child,1,0.787013,38869.4,25094.2
152.209,hgs_child,1,0.345455,35788.9,25094.2
152.31,hgs_child,1,0.527273,33282.8,25094.2
152.411,hgs_child,1,0.750649,37495.1,25094.2
152.512,hgs_child,1,0.563636,37063.1,25094.2
152.613,hgs_child,1,0.654545,32711,25094.2
152.714,hgs_child,1,0.467532,36263,25094.2
152.815,hgs_child,1,0.587013,37965.2,25094.2
152.824,hgs_child,0,0.0467532,26822.5,25094.2
152.864,hgs_child,0,0.0571429,26413.2,25094.2
152.965,hgs_child,1,0.732468,31128.2,25094.2
153.002,hgs_child,0,0.0597403,26828.1,25094.2
153.103,hgs_child,1,0.212987,29947,25094.2
153.204,hgs_child,1,0.205195,26258.9,25094.2
153.305,hgs_child,1,0.633766,32651.1,25094.2
153.406,hgs_child,1,0.651948,34928.2,25094.2
153.507,hgs_child,1,0.397403,37400.4,25094.2
153.609,hgs_child,1,0.415584,31246.3,25094.2
153.71,hgs_child,1,0.366234,33245.2,25094.2
153.911,hgs_child,1,0.174026,27813.1,25094.2
154.012,hgs_child,1,0.290909,27300.6,25094.2
154.113,hgs_child,1,0.4,31360.5,25094.2
154.214,hgs_child,1,0.623377,33741,25094.2
154.415,hgs_child,1,0.631169,32949.9,25094.2
154.516,hgs_child,1,0.418182,30800.8,25094.2
154.718,hgs_child,1,0.716883,34916.9,25094.2
154.819,hgs_child,1,0.628571,32489.4,25094.2
154.92,hgs_child,1,0.454545,40054.5,25094.2
155.021,hgs_child,1,0.65974,33043.1,25094.2
155.122,hgs_child,1,0.158442,26458.4,25094.2
155.223,hgs_child,1,0.722078,36798.2,25094.2
155.324,hgs_child,1,0.638961,36410.3,25094.2
155.382,worker_0,0,0.0597403,25130,25094.2
155.416,worker_0,0,0.0649351,25128.8,25094.2
155.426,hgs_child,1,0.672727,31098,25094.2
155.527,hgs_child,1,0.425974,31224.8,25094.2
155.628,hgs_child,1,0.716883,34627.7,25094.2
155.729,hgs_child,1,0.631169,39201.7,25094.2
155.83,hgs_child,1,0.363636,32288.1,25094.2
155.931,hgs_child,1,0.428571,32295.3,25094.2
156.032,hgs_child,1,0.67013,34193.4,25094.2
156.133,hgs_child,1,0.21039,29826.2,25094.2
156.234,hgs_child,1,0.407792,33841,25094.2
156.335,hgs_child,1,0.251948,31998.2,25094.2
156.436,hgs_child,1,0.168831,27461.7,25094.2
156.461,hgs_child,0,0.0337662,25556.8,25094.2
156.562,hgs_child,1,0.737662,34579,25094.2
156.663,hgs_child,1,0.558442,36396.8,25094.2
156.765,hgs_child,1,0.761039,33636.3,25094.2
156.866,hgs_child,1,0.732468,34210.1,25094.2
156.967,hgs_child,1,0.631169,33644,25094.2
157.068,hgs_child,1,0.480519,31733.2,25094.2
157.169,hgs_child,1,0.724675,31062.7,25094.2
157.27,hgs_child,1,0.680519,30535,25094.2
157.472,hgs_child,1,0.605195,35239.3,25094.2
157.489,worker_2,0,0.0935065,25163.4,25094.2
157.573,hgs_child,1,0.584416,36547.8,25094.2
157.674,hgs_child,1,0.379221,32305.6,25094.2
157.775,hgs_child,1,0.246753,28975.3,25094.2
157.876,hgs_child,1,0.766234,39516.8,25094.2
158.077,hgs_child,1,0.353247,28896.2,25094.2
158.178,hgs_child,1,0.625974,38599,25094.2
158.279,hgs_child,1,0.761039,33801.9,25094.2
158.38,hgs_child,1,0.212987,28079.4,25094.2
158.463,hgs_child,1,0.103896,26229.3,25094.2
158.564,hgs_child,1,0.241558,31995.5,25094.2
158.666,hgs_child,1,0.646753,31451.2,25094.2
158.767,hgs_child,1,0.574026,33977,25094.2
158.868,hgs_child,1,0.496104,33440,25094.2
158.969,hgs_child,1,0.67013,33745.1,25094.2
159.07,hgs_child,1,0.781818,38547.8,25094.2
159.172,hgs_child,1,0.607792,32969.4,25094.2
159.273,hgs_child,1,0.54026,38028.3,25094.2
159.375,hgs_child,1,0.675325,37119.5,25094.2
159.45,hgs_child,1,0.148052,34034.4,25094.2
159.551,hgs_child,1,0.161039,30659.8,25094.2
159.577,hgs_child,0,0.0623377,25148.2,25094.2
159.685,hgs_child,1,0.376623,31111.3,25094.2
159.786,hgs_child,1,0.155844,26775.9,25094.2
159.843,hgs_child,0,0.0753247,25290.7,25094.2
159.944,hgs_child,1,0.693506,33103.9,25094.2
160.045,hgs_child,1,0.620779,36311.4,25094.2
160.146,hgs_child,1,0.724675,36043.8,25094.2
160.247,hgs_child,1,0.168831,30895,25094.2
160.348,hgs_child,1,0.646753,30206.7,25094.2
160.374,hgs_child,0,0.038961,25118.4,25094.2
160.475,hgs_child,1,0.545455,34794,25094.2
160.577,hgs_child,1,0.607792,34151.2,25094.2
160.678,hgs_child,1,0.21039,33510,25094.2
160.779,hgs_child,1,0.709091,35979.2,25094.2
160.88,hgs_child,1,0.623377,39857.9,25094.2
160.981,hgs_child,1,0.202597,31792.3,25094.2
161.082,hgs_child,1,0.709091,34941.2,25094.2
161.183,hgs_child,1,0.387013,34381.6,25094.2
161.284,hgs_child,1,0.402597,30989.1,25094.2
161.386,hgs_child,1,0.716883,36097,25094.2
161.487,hgs_child,1,0.587013,37643.9,25094.2
161.588,hgs_child,1,0.179221,26207.5,25094.2
161.689,hgs_child,1,0.501299,35275.5,25094.2
161.79,hgs_child,1,0.181818,32228.9,25094.2
161.891,hgs_child,1,0.241558,32607.4,25094.2
161.992,hgs_child,1,0.618182,32445.7,25094.2
162.053,hgs_child,1,0.153247,26905.9,25094.2
162.154,hgs_child,1,0.519481,31010.8,25094.2
162.255,hgs_child,1,0.545455,34785.1,25094.2
162.356,hgs_child,1,0.14026,26826.5,25094.2
162.457,hgs_child,1,0.425974,33695.6,25094.2
162.558,hgs_child,1,0.251948,31315.2,25094.2
162.659,hgs_child,1,0.184416,30463,25094.2
162.76,hgs_child,1,0.168831,31251.7,25094.2
162.861,hgs_child,1,0.672727,31223.8,25094.2
162.962,hgs_child,1,0.187013,27840.6,25094.2
163.063,hgs_child,1,0.703896,31696.2,25094.2
163.164,hgs_child,1,0.371429,34094.8,25094.2
163.265,hgs_child,1,0.137662,29994.3,25094.2
163.366,hgs_child,1,0.397403,30334.1,25094.2
163.467,hgs_child,1,0.142857,30474.9,25094.2
163.568,hgs_child,1,0.176623,29273,25094.2
163.67,hgs_child,1,0.719481,39063.1,25094.2
163.771,hgs_child,1,0.184416,28229.7,25094.2
163.874,hgs_child,1,0.58961,37296.3,25094.2
164,hgs_child,1,0.735065,39815.9,25094.2
164.101,hgs_child,1,0.412987,30682.7,25094.2
164.202,hgs_child,1,0.218182,32669.7,25094.2
164.303,hgs_child,1,0.72987,33441.1,25094.2
164.505,hgs_child,1,0.54026,31830.8,25094.2
164.606,hgs_child,1,0.750649,36175.7,25094.2
164.707,hgs_child,1,0.293506,29537.8,25094.2
164.808,hgs_child,1,0.644156,33883.8,25094.2
164.909,hgs_child,1,0.116883,26880.1,25094.2
165.01,hgs_child,1,0.683117,30598,25094.2
165.111,hgs_child,1,0.257143,27536.7,25094.2
165.212,hgs_child,1,0.161039,31610.9,25094.2
165.313,hgs_child,1,0.553247,31001.2,25094.2
165.414,hgs_child,1,0.14026,28272.5,25094.2
165.515,hgs_child,1,0.363636,32870.2,25094.2
165.616,hgs_child,1,0.8,38360.8,25094.2
165.717,hgs_child,1,0.223377,28887,25094.2
165.818,hgs_child,1,0.319481,34263.4,25094.2
165.919,hgs_child,1,0.664935,31375,25094.2
166.02,hgs_child,1,0.218182,29147,25094.2
166.121,hgs_child,1,0.342857,32601.2,25094.2
166.222,hgs_child,1,0.501299,31277.8,25094.2
166.323,hgs_child,1,0.776623,37177.1,25094.2
166.424,hgs_child,1,0.155844,25842.9,25094.2
166.485,hgs_child,0,0.0545455,26885.5,25094.2
166.573,hgs_child,1,0.12987,25339.3,25094.2
166.674,hgs_child,1,0.558442,35794.4,25094.2
166.775,hgs_child,1,0.420779,37737.7,25094.2
166.84,hgs_child,1,0.161039,27265.4,25094.2
166.844,hgs_child,0,0.0207792,25663.9,25094.2
166.945,hgs_child,1,0.241558,28878,25094.2
167.046,hgs_child,1,0.192208,28408.3,25094.2
167.147,hgs_child,1,0.298701,33144.7,25094.2
167.248,hgs_child,1,0.706494,35007.4,25094.2
167.349,hgs_child,1,0.462338,32150.6,25094.2
167.45,hgs_child,1,0.254545,29846.5,25094.2
167.537,hgs_child,1,0.122078,27463.6,25094.2
167.638,hgs_child,1,0.498701,36977.5,25094.2
167.739,hgs_child,1,0.353247,31467.1,25094.2
167.84,hgs_child,1,0.748052,37930.7,25094.2
167.941,hgs_child,1,0.153247,26697.2,25094.2
168.042,hgs_child,1,0.685714,35316.8,25094.2
168.143,hgs_child,1,0.132468,27322.2,25094.2
168.244,hgs_child,1,0.176623,30637.1,25094.2
168.39,hgs_child,1,0.451948,30764,25094.2
168.491,hgs_child,1,0.548052,32795.2,25094.2
168.593,hgs_child,1,0.761039,32988.8,25094.2
168.695,hgs_child,1,0.187013,33681.7,25094.2
168.796,hgs_child,1,0.649351,31446.4,25094.2
168.897,hgs_child,1,0.561039,35289.6,25094.2
168.998,hgs_child,1,0.698701,34935.8,25094.2
169.099,hgs_child,1,0.387013,27843.7,25094.2
169.2,hgs_child,1,0.690909,36707.3,25094.2
169.301,hgs_child,1,0.27013,32477.7,25094.2
169.402,hgs_child,1,0.241558,28005.4,25094.2
169.504,hgs_child,1,0.275325,31180.9,25094.2
169.605,hgs_child,1,0.615584,30171.5,25094.2
169.706,hgs_child,1,0.361039,32642.2,25094.2
169.807,hgs_child,1,0.379221,34544,25094.2
169.908,hgs_child,1,0.766234,37340.1,25094.2
170.009,hgs_child,1,0.566234,37307.3,25094.2
170.11,hgs_child,1,0.584416,35952.1,25094.2
170.211,hgs_child,1,0.490909,38743.9,25094.2
170.313,hgs_child,1,0.158442,26487.4,25094.2
170.365,worker_0,1,0.127273,25124,25094.2
170.414,hgs_child,1,0.503896,28263.9,25094.2
170.515,hgs_child,1,0.612987,33008.2,25094.2
170.616,hgs_child,1,0.664935,35092.8,25094.2
170.717,hgs_child,1,0.397403,34986.1,25094.2
170.818,hgs_child,1,0.748052,33074.9,25094.2
170.919,hgs_child,1,0.161039,27411.9,25094.2
171.02,hgs_child,1,0.449351,32711.5,25094.2
171.222,hgs_child,1,0.179221,32674.2,25094.2
171.323,hgs_child,1,0.251948,34897.3,25094.2
171.424,hgs_child,1,0.280519,32307.6,25094.2
171.525,hgs_child,1,0.688312,34090.5,25094.2
171.626,hgs_child,1,0.236364,33207.4,25094.2
171.727,hgs_child,1,0.27013,34892.4,25094.2
171.828,hgs_child,1,0.724675,33625,25094.2
171.929,hgs_child,1,0.327273,31775.3,25094.2
172.03,hgs_child,1,0.820779,36515.6,25094.2
172.131,hgs_child,1,0.742857,34166.4,25094.2
172.232,hgs_child,1,0.631169,33342.1,25094.2
172.333,hgs_child,1,0.501299,34415,25094.2
172.486,hgs_child,1,0.535065,33611.6,25094.2
172.591,hgs_child,1,0.566234,36463.5,25094.2
172.692,hgs_child,1,0.368831,32349,25094.2
172.793,hgs_child,1,0.176623,27409.3,25094.2
172.894,hgs_child,1,0.727273,38323.1,25094.2
172.995,hgs_child,1,0.690909,36312.9,25094.2
173.096,hgs_child,1,0.249351,33361.1,25094.2
173.197,hgs_child,1,0.475325,31719.5,25094.2
173.298,hgs_child,1,0.358442,30674.9,25094.2
173.399,hgs_child,1,0.584416,30017.2,25094.2
173.5,hgs_child,1,0.719481,37164.6,25094.2
173.601,hgs_child,1,0.709091,31447,25094.2
173.703,hgs_child,1,0.716883,27367.5,25094.2
173.805,hgs_child,1,0.231169,29847.8,25094.2
173.906,hgs_child,1,0.41039,31084,25094.2
174.007,hgs_child,1,0.587013,32917.3,25094.2
174.108,hgs_child,1,0.677922,31635.9,25094.2
174.209,hgs_child,1,0.25974,29078.8,25094.2
174.244,hgs_child,0,0.0987013,25170.6,25094.2
174.345,hgs_child,1,0.706494,35267.2,25094.2
174.446,hgs_child,1,0.197403,26242.5,25094.2
174.547,hgs_child,1,0.542857,36855.6,25094.2
174.648,hgs_child,1,0.732468,35790.9,25094.2
174.749,hgs_child,1,0.690909,34314.9,25094.2
174.85,hgs_child,1,0.277922,30652,25094.2
174.912,hgs_child,1,0.236364,25849.4,25094.2
175.013,hgs_child,1,0.763636,37110.8,25094.2
175.114,hgs_child,1,0.322078,31648.5,25094.2
175.215,hgs_child,1,0.418182,36054.2,25094.2
175.316,hgs_child,1,0.727273,34544.2,25094.2
175.417,hgs_child,1,0.212987,29807.4,25094.2
175.518,hgs_child,1,0.576623,33515.6,25094.2
175.619,hgs_child,1,0.384416,31717.2,25094.2
175.721,hgs_child,1,0.649351,35977,25094.2
175.822,hgs_child,1,0.509091,28886.5,25094.2
175.923,hgs_child,1,0.672727,32339.6,25094.2
176.024,hgs_child,1,0.428571,30160.9,25094.2
176.125,hgs_child,1,0.553247,33845.9,25094.2
176.226,hgs_child,1,0.636364,29520.5,25094.2
176.327,hgs_child,1,0.524675,34057.8,25094.2
176.428,hgs_child,1,0.61039,32180.8,25094.2
176.529,hgs_child,1,0.646753,35570.7,25094.2
176.63,hgs_child,1,0.74026,37827.7,25094.2
176.731,hgs_child,1,0.553247,32200.6,25094.2
176.832,hgs_child,1,0.264935,30769.9,25094.2
176.933,hgs_child,1,0.509091,31263.2,25094.2
177.034,hgs_child,1,0.438961,31017.3,25094.2
177.135,hgs_child,1,0.254545,29087.9,25094.2
177.237,hgs_child,1,0.563636,36551.3,25094.2
177.338,hgs_child,1,0.516883,32294.6,25094.2
177.439,hgs_child,1,0.537662,39244.3,25094.2
177.54,hgs_child,1,0.197403,27166.6,25094.2
177.641,hgs_child,1,0.233766,31452.4,25094.2
177.742,hgs_child,1,0.449351,30074.7,25094.2
177.843,hgs_child,1,0.703896,32818.2,25094.2
177.944,hgs_child,1,0.4,31540.3,25094.2
178.076,hgs_child,1,0.387013,32442.4,25094.2
178.178,hgs_child,1,0.371429,31166.5,25094.2
178.279,hgs_child,1,0.218182,26289.7,25094.2
178.38,hgs_child,1,0.548052,32503.6,25094.2
178.481,hgs_child,1,0.161039,26474,25094.2
178.582,hgs_child,1,0.366234,34335.8,25094.2
178.683,hgs_child,1,0.415584,32513.2,25094.2
178.784,hgs_child,1,0.368831,34078.6,25094.2
178.885,hgs_child,1,0.748052,33499.2,25094.2
178.987,hgs_child,1,0.202597,27877.2,25094.2
179.088,hgs_child,1,0.524675,34699.7,25094.2
179.189,hgs_child,1,0.579221,29233.2,25094.2
179.29,hgs_child,1,0.711688,34443.1,25094.2
179.391,hgs_child,1,0.703896,35653.4,25094.2
179.492,hgs_child,1,0.303896,27818.3,25094.2
179.593,hgs_child,1,0.18961,31985.5,25094.2
179.694,hgs_child,1,0.155844,28377.1,25094.2
179.795,hgs_child,1,0.38961,29794.9,25094.2
179.897,hgs_child,1,0.711688,30684.8,25094.2
179.998,hgs_child,1,0.171429,27569.3,25094.2
180.099,hgs_child,1,0.433766,30310,25094.2
180.2,hgs_child,1,0.446753,33718.2,25094.2
180.301,hgs_child,1,0.631169,34279.1,25094.2
180.402,hgs_child,1,0.449351,33432.2,25094.2
180.471,hgs_child,1,0.111688,27785.2,25094.2
180.573,hgs_child,1,0.548052,30963.4,25094.2
180.674,hgs_child,1,0.675325,32425,25094.2
180.775,hgs_child,1,0.735065,36403.8,25094.2
180.876,hgs_child,1,0.768831,35404.9,25094.2
180.977,hgs_child,1,0.194805,28014.5,25094.2
181.078,hgs_child,1,0.254545,28131.3,25094.2
181.179,hgs_child,1,0.176623,26948.7,25094.2
181.28,hgs_child,1,0.584416,33788.5,25094.2
181.381,hgs_child,1,0.264935,39293.7,25094.2
181.403,hgs_child,0,0.0311688,25173.8,25094.2
181.504,hgs_child,1,0.488312,34627.2,25094.2
181.605,hgs_child,1,0.558442,33681.7,25094.2
181.706,hgs_child,1,0.631169,34735.2,25094.2
181.807,hgs_child,1,0.264935,32496.8,25094.2
181.908,hgs_child,1,0.579221,37410.9,25094.2
182.145,hgs_child,1,0.353247,30225,25094.2
182.247,hgs_child,1,0.179221,28760,25094.2
182.348,hgs_child,1,0.522078,32098.5,25094.2
182.449,hgs_child,1,0.345455,30892,25094.2
182.651,hgs_child,1,0.181818,26209.4,25094.2
182.752,hgs_child,1,0.597403,37716,25094.2
182.853,hgs_child,1,0.794805,36715.9,25094.2
182.954,hgs_child,1,0.709091,36325.7,25094.2
183.055,hgs_child,1,0.251948,29901.6,25094.2
183.157,hgs_child,1,0.114286,25827.8,25094.2
183.258,hgs_child,1,0.464935,33386.3,25094.2
183.359,hgs_child,1,0.576623,34008,25094.2
183.46,hgs_child,1,0.322078,31576.5,25094.2
183.561,hgs_child,1,0.52987,36053.5,25094.2
183.662,hgs_child,1,0.290909,39477.5,25094.2
183.763,hgs_child,1,0.714286,37640.9,25094.2
183.853,hgs_child,1,0.14026,26699.2,25094.2
183.954,hgs_child,1,0.672727,32480.2,25094.2
184.055,hgs_child,1,0.272727,31266.1,25094.2
184.156,hgs_child,1,0.597403,33859.7,25094.2
184.234,hgs_child,1,0.184416,28411,25094.2
184.335,hgs_child,1,0.711688,36729.4,25094.2
184.436,hgs_child,1,0.371429,30772,25094.2
184.537,hgs_child,1,0.683117,34364.5,25094.2
184.639,hgs_child,1,0.181818,29683.4,25094.2
184.74,hgs_child,1,0.693506,33254.3,25094.2
184.841,hgs_child,1,0.21039,30236.6,25094.2
184.9,hgs_child,0,0.0753247,25180.5,25094.2
185.001,hgs_child,1,0.374026,34581.3,25094.2
185.102,hgs_child,1,0.137662,27954.8,25094.2
185.203,hgs_child,1,0.654545,34206.9,25094.2
185.304,hgs_child,1,0.184416,31936.2,25094.2
185.405,hgs_child,1,0.675325,31464.3,25094.2
185.506,hgs_child,1,0.114286,27332.3,25094.2
185.607,hgs_child,1,0.709091,32679.7,25094.2
185.708,hgs_child,1,0.4,37826,25094.2
185.809,hgs_child,1,0.464935,32375,25094.2
185.91,hgs_child,1,0.387013,31644,25094.2
186.011,hgs_child,1,0.581818,34247.2,25094.2
186.112,hgs_child,1,0.392208,32659.6,25094.2
186.213,hgs_child,1,0.207792,29045.8,25094.2
186.315,hgs_child,1,0.623377,27429.1,25094.2
186.416,hgs_child,1,0.309091,31167.4,25094.2
186.517,hgs_child,1,0.433766,30761.1,25094.2
186.618,hgs_child,1,0.464935,30475.5,25094.2
186.719,hgs_child,0,0.0909091,26900.9,25094.2
186.82,hgs_child,1,0.218182,27378.7,25094.2
186.921,hgs_child,1,0.446753,32963.1,25094.2
187.022,hgs_child,1,0.402597,38706.9,25094.2
187.123,hgs_child,1,0.444156,32167.7,25094.2
187.224,hgs_child,1,0.348052,32799.5,25094.2
187.325,hgs_child,1,0.368831,31726.7,25094.2
187.426,hgs_child,1,0.436364,31089.4,25094.2
187.528,hgs_child,1,0.277922,30766.4,25094.2
187.629,hgs_child,1,0.654545,34656.1,25094.2
187.73,hgs_child,1,0.636364,36160.2,25094.2
187.831,hgs_child,1,0.555844,30652.9,25094.2
187.932,hgs_child,1,0.709091,33125.5,25094.2
188.033,hgs_child,1,0.444156,35088.6,25094.2
188.134,hgs_child,1,0.485714,26896.9,25094.2
188.235,hgs_child,1,0.779221,33261.9,25094.2
188.336,hgs_child,1,0.233766,29514.4,25094.2
188.437,hgs_child,1,0.415584,36990.8,25094.2
188.538,hgs_child,1,0.374026,33745,25094.2
188.639,hgs_child,1,0.441558,29290.6,25094.2
188.74,hgs_child,1,0.194805,31982.8,25094.2
188.841,hgs_child,1,0.355844,32124.5,25094.2
188.944,hgs_child,1,0.225974,28193.3,25094.2
189.045,hgs_child,1,0.176623,25742.4,25094.2
189.146,hgs_child,1,0.698701,37271.2,25094.2
189.247,hgs_child,1,0.238961,27038.4,25094.2
189.348,hgs_child,1,0.335065,30050.4,25094.2
189.449,hgs_child,1,0.631169,34204.5,25094.2
189.55,hgs_child,1,0.155844,26420.6,25094.2
189.651,hgs_child,1,0.654545,31623.8,25094.2
189.752,hgs_child,1,0.277922,27498.8,25094.2
189.853,hgs_child,1,0.148052,27718,25094.2
189.955,hgs_child,1,0.750649,35166.4,25094.2
190.055,hgs_child,1,0.298701,29672.2,25094.2
190.157,hgs_child,1,0.698701,38041.3,25094.2
190.258,hgs_child,1,0.654545,32792.6,25094.2
190.36,hgs_child,1,0.324675,29215.3,25094.2
190.463,hgs_child,1,0.116883,29378.5,25094.2
190.564,hgs_child,1,0.355844,30490.1,25094.2
190.665,hgs_child,1,0.683117,35056.8,25094.2
190.696,hgs_child,0,0.0519481,25511.8,25094.2
190.799,hgs_child,1,0.511688,38000.8,25094.2
190.9,hgs_child,1,0.348052,29272.9,25094.2
191.001,hgs_child,1,0.441558,31420.7,25094.2
191.103,hgs_child,1,0.768831,39396.6,25094.2
191.204,hgs_child,1,0.535065,31729.7,25094.2
191.305,hgs_child,1,0.623377,37323.7,25094.2
191.407,hgs_child,1,0.61039,32446.5,25094.2
191.508,hgs_child,1,0.348052,30804.9,25094.2
191.609,hgs_child,1,0.779221,40199.4,25094.2
191.71,hgs_child,1,0.381818,29128.8,25094.2
191.811,hgs_child,1,0.477922,38208.6,25094.2
191.912,hgs_child,1,0.342857,29304.8,25094.2
192.013,hgs_child,1,0.342857,28332.2,25094.2
192.023,hgs_child,0,0.0103896,25663.9,25094.2
192.126,hgs_child,1,0.438961,29787.2,25094.2
192.227,hgs_child,1,0.275325,29441.1,25094.2
192.328,hgs_child,1,0.428571,30977.8,25094.2
192.429,hgs_child,0,0.0909091,26987.2,25094.2
192.53,hgs_child,1,0.631169,31906.4,25094.2
192.631,hgs_child,1,0.181818,29868.4,25094.2
192.732,hgs_child,1,0.355844,30980.1,25094.2
192.833,hgs_child,1,0.675325,35530.7,25094.2
192.934,hgs_child,1,0.342857,35041,25094.2
193.035,hgs_child,1,0.327273,38224.8,25094.2
193.136,hgs_child,1,0.545455,35956.3,25094.2
193.237,hgs_child,1,0.568831,34572.7,25094.2
193.338,hgs_child,1,0.732468,35196,25094.2
193.439,hgs_child,1,0.251948,28760,25094.2
193.465,worker_2,1,0.101299,25162.9,25094.2
193.54,hgs_child,1,0.698701,35069,25094.2
193.641,hgs_child,1,0.21039,32797.5,25094.2
193.719,hgs_child,1,0.176623,26286.4,25094.2
193.82,hgs_child,1,0.314286,30167.2,25094.2
193.921,hgs_child,1,0.477922,34560.9,25094.2
194.023,hgs_child,1,0.771429,38403.6,25094.2
194.125,hgs_child,1,0.431169,31217.2,25094.2
194.226,hgs_child,1,0.748052,40564.3,25094.2
194.427,hgs_child,1,0.155844,29545.6,25094.2
194.528,hgs_child,1,0.602597,36545.2,25094.2
194.629,hgs_child,1,0.192208,27196.4,25094.2
194.73,hgs_child,1,0.179221,28724,25094.2
194.831,hgs_child,1,0.797403,37156.1,25094.2
194.933,hgs_child,1,0.701299,36829.2,25094.2
195.032,hgs_child,1,0.207792,29285.8,25094.2
195.133,hgs_child,1,0.314286,35063.7,25094.2
195.334,hgs_child,1,0.275325,29426.5,25094.2
195.435,hgs_child,1,0.251948,29190,25094.2
195.536,hgs_child,1,0.563636,32246.9,25094.2
195.637,hgs_child,1,0.433766,35387.1,25094.2
195.738,hgs_child,1,0.231169,29311.1,25094.2
195.839,hgs_child,1,0.251948,31770.4,25094.2
195.941,hgs_child,1,0.171429,31776.3,25094.2
196.042,hgs_child,1,0.623377,34074.3,25094.2
196.143,hgs_child,1,0.181818,33419.7,25094.2
196.254,hgs_child,1,0.358442,33323.3,25094.2
196.355,hgs_child,1,0.524675,33734.9,25094.2
196.456,hgs_child,1,0.535065,33281.7,25094.2
196.558,hgs_child,1,0.563636,35577,25094.2
196.659,hgs_child,1,0.688312,31920.9,25094.2
196.76,hgs_child,1,0.594805,35906.8,25094.2
196.861,hgs_child,1,0.451948,35973.8,25094.2
196.962,hgs_child,1,0.581818,39934.7,25094.2
197.063,hgs_child,1,0.142857,27489,25094.2
197.164,hgs_child,1,0.633766,32541.9,25094.2
197.265,hgs_child,1,0.703896,30672.1,25094.2
197.366,hgs_child,1,0.579221,32601.3,25094.2
197.392,hgs_child,0,0.038961,25180.5,25094.2
197.493,hgs_child,1,0.387013,34163.1,25094.2
197.594,hgs_child,1,0.592208,38897,25094.2
197.695,hgs_child,1,0.472727,35527.6,25094.2
197.796,hgs_child,1,0.490909,36380.4,25094.2
197.897,hgs_child,1,0.446753,31718.3,25094.2
197.998,hgs_child,1,0.405195,29341.7,25094.2
198.099,hgs_child,1,0.285714,28776.2,25094.2
198.2,hgs_child,1,0.776623,39954.1,25094.2
198.301,hgs_child,1,0.18961,29561,25094.2
198.402,hgs_child,1,0.522078,30543.6,25094.2
198.451,hgs_child,0,0.0935065,25185,25094.2
198.552,hgs_child,1,0.166234,31972.3,25094.2
198.653,hgs_child,1,0.397403,35168.8,25094.2
198.754,hgs_child,1,0.748052,32795.5,25094.2
198.855,hgs_child,1,0.677922,35429.8,25094.2
198.957,hgs_child,1,0.761039,37428.4,25094.2
199.058,hgs_child,1,0.337662,32171.2,25094.2
199.159,hgs_child,1,0.215584,27931.3,25094.2
199.26,hgs_child,1,0.727273,32396.8,25094.2
199.361,hgs_child,1,0.2,27865.4,25094.2
199.462,hgs_child,1,0.755844,40002.3,25094.2
199.563,hgs_child,1,0.218182,28475.6,25094.2
199.665,hgs_child,1,0.483117,33300.7,25094.2
199.766,hgs_child,1,0.571429,34832.3,25094.2
199.867,hgs_child,1,0.285714,30251.8,25094.2
199.968,hgs_child,1,0.623377,36803.8,25094.2
200.069,hgs_child,1,0.555844,31966.8,25094.2
200.17,hgs_child,1,0.768831,37693.3,25094.2
200.271,hgs_child,1,0.394805,28605.6,25094.2
200.373,hgs_child,1,0.431169,31742.1,25094.2
200.475,hgs_child,1,0.636364,32634,25094.2
200.505,hgs_child,0,0.0441558,25180.5,25094.2
200.606,hgs_child,1,0.225974,30664.8,25094.2
200.707,hgs_child,1,0.25974,32714,25094.2
200.808,hgs_child,1,0.594805,37991.3,25094.2
200.909,hgs_child,1,0.58961,35205.8,25094.2
201.01,hgs_child,1,0.27013,33131.7,25094.2
201.111,hgs_child,1,0.649351,38145.9,25094.2
201.212,hgs_child,1,0.649351,37474.3,25094.2
201.311,hgs_child,1,0.109091,25476.3,25094.2
201.412,hgs_child,1,0.207792,29226.3,25094.2
201.515,hgs_child,1,0.296104,35148.5,25094.2
201.616,hgs_child,1,0.27013,35597,25094.2
201.718,hgs_child,1,0.701299,35798.9,25094.2
201.819,hgs_child,1,0.581818,31325.4,25094.2
201.92,hgs_child,1,0.522078,38052,25094.2
202.021,hgs_child,1,0.711688,37227.4,25094.2
202.122,hgs_child,1,0.342857,34664.6,25094.2
202.223,hgs_child,1,0.368831,35039.6,25094.2
202.324,hgs_child,1,0.423377,30435.4,25094.2
202.426,hgs_child,1,0.205195,33209.3,25094.2
202.529,hgs_child,1,0.768831,38707.1,25094.2
202.63,hgs_child,1,0.132468,26441.7,25094.2
202.731,hgs_child,1,0.293506,29379.6,25094.2
202.832,hgs_child,1,0.467532,28939.8,25094.2
202.933,hgs_child,1,0.451948,29489.9,25094.2
203.034,hgs_child,1,0.597403,35713.1,25094.2
203.336,hgs_child,1,0.644156,37267.6,25094.2
203.364,hgs_child,0,0.0337662,25556.8,25094.2
203.466,hgs_child,1,0.732468,37001.5,25094.2
203.568,hgs_child,1,0.420779,29927.2,25094.2
203.669,hgs_child,1,0.324675,33726.4,25094.2
203.77,hgs_child,1,0.275325,30002.9,25094.2
203.871,hgs_child,1,0.545455,30943.1,25094.2
203.972,hgs_child,1,0.27013,30258.6,25094.2
204.075,hgs_child,1,0.18961,32879.9,25094.2
204.176,hgs_child,1,0.446753,32582.3,25094.2
204.277,hgs_child,1,0.709091,34943.3,25094.2
204.378,hgs_child,1,0.477922,36229.8,25094.2
204.479,hgs_child,1,0.581818,36981,25094.2
204.581,hgs_child,1,0.698701,36959,25094.2
204.682,hgs_child,1,0.361039,32188.8,25094.2
204.783,hgs_child,1,0.727273,38735.7,25094.2
204.884,hgs_child,1,0.176623,30947.6,25094.2
205.085,hgs_child,1,0.514286,29160,25094.2
205.186,hgs_child,1,0.205195,29408.3,25094.2
205.287,hgs_child,1,0.535065,37667.7,25094.2
205.388,hgs_child,1,0.303896,32878.7,25094.2
205.489,hgs_child,1,0.34026,27605.5,25094.2
205.501,worker_0,0,0.0233766,25123.7,25094.2
205.591,hgs_child,1,0.711688,34030.9,25094.2
205.692,hgs_child,1,0.436364,32416.5,25094.2
205.793,hgs_child,1,0.457143,32548,25094.2
205.894,hgs_child,1,0.358442,31010.4,25094.2
205.996,hgs_child,1,0.194805,28464.3,25094.2
206.097,hgs_child,1,0.283117,27347.9,25094.2
206.199,hgs_child,1,0.384416,31033.4,25094.2
206.3,hgs_child,1,0.348052,30411.9,25094.2
206.401,hgs_child,1,0.779221,37055.7,25094.2
206.502,hgs_child,1,0.257143,29691,25094.2
206.704,hgs_child,1,0.701299,34210.6,25094.2
206.805,hgs_child,1,0.475325,34052.8,25094.2
206.906,hgs_child,1,0.65974,37430.6,25094.2
207.007,hgs_child,1,0.568831,43414.6,25094.2
207.052,hgs_child,0,0.0831169,26123.8,25094.2
207.153,hgs_child,1,0.433766,33763.3,25094.2
207.254,hgs_child,1,0.425974,33011.4,25094.2
207.355,hgs_child,1,0.301299,30635.1,25094.2
207.383,hgs_child,0,0.038961,25556.8,25094.2
207.484,hgs_child,1,0.651948,36690.8,25094.2
207.585,hgs_child,1,0.218182,32176,25094.2
207.686,hgs_child,1,0.205195,28334.6,25094.2
207.787,hgs_child,1,0.724675,36025.8,25094.2
207.888,hgs_child,1,0.776623,39163.5,25094.2
207.989,hgs_child,1,0.384416,37073.5,25094.2
208.09,hgs_child,1,0.181818,30756,25094.2
208.191,hgs_child,1,0.649351,34580.6,25094.2
208.292,hgs_child,1,0.194805,30321.5,25094.2
208.393,hgs_child,1,0.277922,27819.2,25094.2
208.495,hgs_child,1,0.703896,35709.2,25094.2
208.596,hgs_child,1,0.438961,33783.3,25094.2
208.697,hgs_child,1,0.275325,33658.3,25094.2
208.798,hgs_child,1,0.381818,35759.9,25094.2
208.899,hgs_child,1,0.625974,36146.9,25094.2
209,hgs_child,1,0.202597,29169.4,25094.2
209.101,hgs_child,1,0.412987,32281.9,25094.2
209.202,hgs_child,1,0.337662,36680.2,25094.2
209.303,hgs_child,1,0.361039,31453.8,25094.2
209.404,hgs_child,1,0.755844,34043.9,25094.2
209.427,hgs_child,0,0.0441558,25111.5,25094.2
209.529,hgs_child,1,0.641558,31014.7,25094.2
209.63,hgs_child,1,0.501299,34368.5,25094.2
209.731,hgs_child,1,0.231169,26905,25094.2
209.832,hgs_child,1,0.202597,31631.1,25094.2
209.933,hgs_child,1,0.488312,28568.1,25094.2
210.034,hgs_child,1,0.732468,31361.4,25094.2
210.106,hgs_child,1,0.163636,27307.4,25094.2
210.207,hgs_child,1,0.537662,31893.5,25094.2
210.308,hgs_child,1,0.176623,29553.2,25094.2
210.409,hgs_child,1,0.605195,36428.8,25094.2
210.51,hgs_child,1,0.693506,38983.7,25094.2
210.611,hgs_child,1,0.766234,39351.8,25094.2
210.712,hgs_child,1,0.581818,37016,25094.2
210.813,hgs_child,1,0.163636,29505.5,25094.2
210.859,worker_2,0,0.00779221,25122,25094.2
210.914,hgs_child,1,0.605195,35600.4,25094.2
211.015,hgs_child,1,0.506494,31389.5,25094.2
211.032,worker_2,0,0.0155844,25121.2,25094.2
211.117,hgs_child,1,0.503896,32366.1,25094.2
211.218,hgs_child,1,0.685714,33809.7,25094.2
211.319,hgs_child,1,0.654545,36105.2,25094.2
211.421,hgs_child,1,0.34026,35067.2,25094.2
211.522,hgs_child,1,0.457143,30018.1,25094.2
211.723,hgs_child,1,0.636364,34786.9,25094.2
211.824,hgs_child,1,0.348052,31701.5,25094.2
211.925,hgs_child,1,0.766234,35956.4,25094.2
212.027,hgs_child,1,0.576623,33097.3,25094.2
212.128,hgs_child,1,0.47013,31091.2,25094.2
212.229,hgs_child,1,0.664935,36227.9,25094.2
212.33,hgs_child,1,0.58961,35422.8,25094.2
212.431,hgs_child,1,0.763636,36802.8,25094.2
212.532,hgs_child,1,0.298701,28927.5,25094.2
212.633,hgs_child,1,0.597403,35232.1,25094.2
212.734,hgs_child,1,0.496104,39110.9,25094.2
212.936,hgs_child,1,0.415584,35802,25094.2
213.037,hgs_child,1,0.680519,37481.8,25094.2
213.138,hgs_child,1,0.2,28339.7,25094.2
213.239,hgs_child,1,0.34026,30579.2,25094.2
213.34,hgs_child,1,0.21039,27644,25094.2
213.441,hgs_child,1,0.18961,29984.1,25094.2
213.542,hgs_child,1,0.215584,26731.3,25094.2
213.643,hgs_child,1,0.34026,29810,25094.2
213.744,hgs_child,1,0.181818,33964.9,25094.2
213.783,worker_1,0,0.0493506,25071.7,25094.2
213.845,hgs_child,1,0.688312,30415.6,25094.2
213.946,hgs_child,1,0.451948,33089.2,25094.2
214.047,hgs_child,1,0.516883,35788.9,25094.2
214.149,hgs_child,1,0.737662,34985.2,25094.2
214.22,hgs_child,1,0.148052,26457.4,25094.2
214.322,hgs_child,1,0.761039,34825.9,25094.2
214.422,hgs_child,1,0.288312,35351.5,25094.2
214.523,hgs_child,1,0.215584,27129,25094.2
214.625,hgs_child,1,0.771429,33521.4,25094.2
214.726,hgs_child,1,0.47013,34560.7,25094.2
214.827,hgs_child,1,0.290909,33243.9,25094.2
214.928,hgs_child,1,0.74026,43520.2,25094.2
215.029,hgs_child,1,0.41039,31042.8,25094.2
215.13,hgs_child,1,0.633766,33963.5,25094.2
215.231,hgs_child,1,0.319481,29596.1,25094.2
215.332,hgs_child,1,0.361039,32443.1,25094.2
215.433,hgs_child,1,0.664935,39592.1,25094.2
215.534,hgs_child,1,0.392208,32120,25094.2
215.735,hgs_child,1,0.228571,28132.2,25094.2
215.836,hgs_child,1,0.454545,35906,25094.2
215.937,hgs_child,1,0.407792,34989.7,25094.2
216.038,hgs_child,1,0.246753,31334.1,25094.2
216.139,hgs_child,1,0.47013,33526.7,25094.2
216.24,hgs_child,1,0.431169,32979.1,25094.2
216.341,hgs_child,1,0.236364,30603.7,25094.2
216.442,hgs_child,1,0.280519,31504.2,25094.2
216.543,hgs_child,1,0.415584,31045.9,25094.2
216.644,hgs_child,1,0.311688,31696,25094.2
216.745,hgs_child,1,0.501299,32301.6,25094.2
216.946,hgs_child,1,0.293506,28140.6,25094.2
217.047,hgs_child,1,0.27013,29039,25094.2
217.142,hgs_child,1,0.251948,28578.7,25094.2
217.243,hgs_child,1,0.555844,31640.2,25094.2
217.344,hgs_child,1,0.301299,33940.2,25094.2
217.446,hgs_child,1,0.535065,29259.2,25094.2
217.546,hgs_child,1,0.342857,29312.4,25094.2
217.628,hgs_child,1,0.101299,25485.7,25094.2
217.729,hgs_child,1,0.174026,27475.3,25094.2
217.812,hgs_child,1,0.158442,25564.5,25094.2
217.913,hgs_child,1,0.438961,31551.7,25094.2
218.014,hgs_child,1,0.368831,33161.4,25094.2
218.115,hgs_child,1,0.223377,33824,25094.2
218.216,hgs_child,1,0.511688,32273.3,25094.2
218.317,hgs_child,1,0.187013,25889.8,25094.2
218.418,hgs_child,1,0.223377,30076,25094.2
218.52,hgs_child,1,0.21039,27882.2,25094.2
218.621,hgs_child,1,0.711688,31016.6,25094.2
218.722,hgs_child,1,0.693506,36885,25094.2
218.823,hgs_child,1,0.350649,28699.9,25094.2
218.924,hgs_child,1,0.522078,34661.3,25094.2
219.025,hgs_child,1,0.654545,33397.8,25094.2
219.126,hgs_child,1,0.493506,33734.8,25094.2
219.228,hgs_child,1,0.431169,33124.9,25094.2
219.329,hgs_child,1,0.61039,35064.6,25094.2
219.381,hgs_child,0,0.0935065,28980.1,25094.2
219.482,hgs_child,1,0.462338,32581.2,25094.2
219.675,hgs_child,1,0.158442,28782.4,25094.2
219.776,hgs_child,1,0.187013,28887.5,25094.2
219.978,hgs_child,1,0.215584,28480.6,25094.2
220.032,hgs_child,0,0.0649351,25832.7,25094.2
220.133,hgs_child,1,0.251948,28531.2,25094.2
220.234,hgs_child,1,0.446753,32970,25094.2
220.335,hgs_child,1,0.441558,30854,25094.2
220.436,hgs_child,1,0.628571,29595.1,25094.2
220.538,hgs_child,1,0.353247,30095.5,25094.2
220.639,hgs_child,1,0.215584,27938.6,25094.2
220.74,hgs_child,1,0.475325,29455.8,25094.2
220.841,hgs_child,1,0.387013,30469.3,25094.2
220.942,hgs_child,1,0.303896,31555.5,25094.2
221.043,hgs_child,1,0.2,27314.1,25094.2
221.144,hgs_child,1,0.61039,35017.3,25094.2
221.245,hgs_child,1,0.405195,35258.1,25094.2
221.346,hgs_child,1,0.680519,31685.8,25094.2
221.447,hgs_child,1,0.703896,33988.8,25094.2
221.548,hgs_child,1,0.137662,27504.4,25094.2
221.649,hgs_child,1,0.67013,35701.5,25094.2
221.75,hgs_child,1,0.667532,31376.9,25094.2
221.851,hgs_child,1,0.181818,27929.4,25094.2
221.953,hgs_child,1,0.480519,29071,25094.2
222.054,hgs_child,1,0.290909,29063.5,25094.2
222.155,hgs_child,1,0.477922,32437.7,25094.2
222.256,hgs_child,1,0.651948,40214.6,25094.2
222.357,hgs_child,1,0.353247,27264,25094.2
222.458,hgs_child,1,0.319481,32052.1,25094.2
222.559,hgs_child,1,0.711688,32794.7,25094.2
222.66,hgs_child,1,0.65974,35896.2,25094.2
222.761,hgs_child,1,0.275325,30510.9,25094.2
222.862,hgs_child,1,0.690909,36013.9,25094.2
222.963,hgs_child,1,0.8,38966.6,25094.2
223.064,hgs_child,1,0.651948,31819.3,25094.2
223.165,hgs_child,1,0.137662,27332.8,25094.2
223.266,hgs_child,1,0.264935,28855.3,25094.2
223.273,hgs_child,0,0,25487.7,25094.2
223.374,hgs_child,1,0.25974,28229.4,25094.2
223.475,hgs_child,1,0.38961,35853.2,25094.2
223.576,hgs_child,1,0.620779,32133.3,25094.2
223.677,hgs_child,1,0.776623,35913.2,25094.2
223.778,hgs_child,1,0.454545,29543.5,25094.2
223.959,hgs_child,1,0.176623,26270.3,25094.2
224.06,hgs_child,1,0.485714,30496.4,25094.2
224.161,hgs_child,1,0.301299,30242.3,25094.2
224.263,hgs_child,1,0.683117,30513.7,25094.2
224.364,hgs_child,1,0.522078,35287.7,25094.2
224.465,hgs_child,1,0.45974,29880.7,25094.2
224.566,hgs_child,1,0.384416,31735.2,25094.2
224.761,hgs_child,1,0.202597,26771.6,25094.2
224.776,worker_1,0,0.0623377,25068.5,25094.2
224.862,hgs_child,1,0.548052,31751,25094.2
224.964,hgs_child,1,0.618182,32190.5,25094.2
225.165,hgs_child,1,0.677922,32480.8,25094.2
225.266,hgs_child,1,0.116883,27118,25094.2
225.364,hgs_child,1,0.158442,27783.2,25094.2
225.501,hgs_child,1,0.667532,29706.7,25094.2
225.703,hgs_child,1,0.633766,39317.9,25094.2
225.804,hgs_child,1,0.236364,30140.4,25094.2
225.905,hgs_child,1,0.571429,35041.5,25094.2
226.006,hgs_child,1,0.158442,27031.6,25094.2
226.107,hgs_child,1,0.438961,29219.1,25094.2
226.208,hgs_child,1,0.262338,29832.2,25094.2
226.309,hgs_child,1,0.192208,27530.8,25094.2
226.41,hgs_child,1,0.249351,27926.3,25094.2
226.511,hgs_child,1,0.363636,29548.6,25094.2
226.612,hgs_child,1,0.558442,32329.7,25094.2
226.713,hgs_child,1,0.737662,33569.7,25094.2
226.768,hgs_child,1,0.114286,25812.3,25094.2
226.775,hgs_child,0,0.00779221,25651.5,25094.2
226.876,hgs_child,1,0.631169,33894.6,25094.2
226.977,hgs_child,1,0.483117,30765.5,25094.2
227.078,hgs_child,1,0.233766,30506.9,25094.2
227.179,hgs_child,1,0.566234,31274.8,25094.2
227.28,hgs_child,1,0.241558,33767,25094.2
227.381,hgs_child,1,0.202597,28176.3,25094.2
227.435,hgs_child,1,0.12987,27388.9,25094.2
227.537,hgs_child,1,0.490909,32149.9,25094.2
227.638,hgs_child,1,0.272727,28975.9,25094.2
227.839,hgs_child,1,0.335065,29405.1,25094.2
227.94,hgs_child,1,0.781818,33391.1,25094.2
228.041,hgs_child,1,0.709091,36063,25094.2
228.142,hgs_child,1,0.272727,34753.1,25094.2
228.243,hgs_child,1,0.672727,36080.9,25094.2
228.344,hgs_child,1,0.688312,34609.2,25094.2
228.445,hgs_child,1,0.688312,33365.5,25094.2
228.468,hgs_child,0,0.0545455,25111.5,25094.2
228.669,hgs_child,1,0.18961,34657.4,25094.2
228.77,hgs_child,1,0.703896,36935.5,25094.2
228.871,hgs_child,1,0.361039,35882.2,25094.2
228.905,hgs_child,0,0.0649351,25555.4,25094.2
229.006,hgs_child,1,0.636364,33645.3,25094.2
229.107,hgs_child,1,0.706494,32813.6,25094.2
229.208,hgs_child,1,0.275325,32329.8,25094.2
229.31,hgs_child,1,0.153247,26122.3,25094.2
229.411,hgs_child,1,0.636364,34562.9,25094.2
229.512,hgs_child,1,0.467532,33308.3,25094.2
229.613,hgs_child,1,0.709091,32407.5,25094.2
229.714,hgs_child,1,0.52987,34240.5,25094.2
229.815,hgs_child,1,0.142857,30058.2,25094.2
229.916,hgs_child,1,0.638961,34783.9,25094.2
230.017,hgs_child,1,0.631169,36534.3,25094.2
230.119,hgs_child,1,0.584416,33692.1,25094.2
230.22,hgs_child,1,0.592208,31437.5,25094.2
230.322,hgs_child,1,0.498701,31754.6,25094.2
230.423,hgs_child,1,0.348052,26849.7,25094.2
230.524,hgs_child,1,0.662338,32435.7,25094.2
230.625,hgs_child,1,0.446753,40578.7,25094.2
230.726,hgs_child,1,0.568831,37460.8,25094.2
230.827,hgs_child,1,0.690909,32035,25094.2
230.928,hgs_child,1,0.802597,35777.7,25094.2
231.029,hgs_child,1,0.496104,36871.2,25094.2
231.13,hgs_child,1,0.605195,34907.4,25094.2
231.232,hgs_child,1,0.306494,32301.8,25094.2
231.333,hgs_child,1,0.67013,34095.8,25094.2
231.435,hgs_child,1,0.233766,34987.4,25094.2
231.537,hgs_child,1,0.514286,36872.4,25094.2
231.638,hgs_child,1,0.251948,26121.9,25094.2
231.739,hgs_child,1,0.231169,26509.2,25094.2
231.84,hgs_child,1,0.444156,31205,25094.2
231.941,hgs_child,1,0.750649,30283.3,25094.2
232.042,hgs_child,1,0.628571,33388.8,25094.2
232.143,hgs_child,1,0.322078,32682.2,25094.2
232.244,hgs_child,1,0.238961,29618.9,25094.2
232.345,hgs_child,1,0.719481,35530.3,25094.2
232.446,hgs_child,1,0.283117,34641.5,25094.2
232.547,hgs_child,1,0.119481,31827.1,25094.2
232.633,hgs_child,1,0.241558,29759.9,25094.2
232.734,hgs_child,1,0.566234,35674.7,25094.2
232.835,hgs_child,1,0.228571,28541.3,25094.2
232.937,hgs_child,1,0.197403,27365.5,25094.2
233.038,hgs_child,1,0.205195,28451.2,25094.2
233.139,hgs_child,1,0.602597,39737.9,25094.2
233.24,hgs_child,1,0.368831,37581.3,25094.2
233.341,hgs_child,1,0.625974,34550.3,25094.2
233.442,hgs_child,1,0.392208,36545.6,25094.2
233.544,hgs_child,1,0.537662,32745.9,25094.2
233.645,hgs_child,1,0.41039,36882.9,25094.2
233.746,hgs_child,1,0.197403,30176.7,25094.2
233.847,hgs_child,1,0.709091,30405.6,25094.2
233.948,hgs_child,1,0.467532,32128.3,25094.2
234.049,hgs_child,1,0.407792,28515,25094.2
234.15,hgs_child,1,0.296104,29909.1,25094.2
234.251,hgs_child,1,0.779221,40228.5,25094.2
234.321,worker_2,0,0.00779221,25092.3,25094.2
234.353,hgs_child,1,0.774026,38557.4,25094.2
234.454,hgs_child,1,0.553247,36253.7,25094.2
234.555,hgs_child,1,0.280519,27274.5,25094.2
234.656,hgs_child,1,0.394805,30780.3,25094.2
234.757,hgs_child,1,0.137662,27307.7,25094.2
234.841,hgs_child,1,0.158442,26220.7,25094.2
234.942,hgs_child,1,0.758442,38561.9,25094.2
235.043,hgs_child,1,0.225974,26985.2,25094.2
235.145,hgs_child,1,0.644156,38406.2,25094.2
235.25,hgs_child,1,0.155844,28660.6,25094.2
235.289,worker_0,0,0.0441558,25121.8,25094.2
235.319,worker_0,0,0.0363636,25121.3,25094.2
235.334,worker_0,0,0.0597403,25119.4,25094.2
235.351,hgs_child,1,0.205195,26961,25094.2
235.419,hgs_child,1,0.205195,25511.6,25094.2
235.52,hgs_child,1,0.618182,38793.8,25094.2
235.621,hgs_child,1,0.581818,35936.9,25094.2
235.722,hgs_child,1,0.488312,31717,25094.2
235.823,hgs_child,1,0.563636,35569,25094.2
235.924,hgs_child,1,0.625974,34214.6,25094.2
236.025,hgs_child,1,0.335065,29343.3,25094.2
236.126,hgs_child,1,0.8,40417.2,25094.2
236.227,hgs_child,1,0.207792,32203.4,25094.2
236.329,hgs_child,1,0.519481,31521.4,25094.2
236.43,hgs_child,1,0.755844,33168.4,25094.2
236.531,hgs_child,1,0.524675,35019.9,25094.2
236.632,hgs_child,1,0.690909,34593.2,25094.2
236.733,hgs_child,1,0.527273,35256.3,25094.2
236.834,hgs_child,1,0.384416,31499,25094.2
236.935,hgs_child,1,0.353247,30264.5,25094.2
237.036,hgs_child,1,0.355844,30545.8,25094.2
237.138,hgs_child,1,0.327273,28468.1,25094.2
237.239,hgs_child,1,0.402597,35366.5,25094.2
237.34,hgs_child,1,0.545455,38159.4,25094.2
237.441,hgs_child,1,0.161039,28253.8,25094.2
237.542,hgs_child,1,0.228571,25532.3,25094.2
237.643,hgs_child,1,0.446753,37123.6,25094.2
237.744,hgs_child,1,0.293506,32894.5,25094.2
237.845,hgs_child,1,0.454545,34822.3,25094.2
237.946,hgs_child,1,0.38961,30420.5,25094.2
238.046,hgs_child,0,0.0987013,25437.7,25094.2
238.147,hgs_child,1,0.625974,30582.1,25094.2
238.248,hgs_child,1,0.675325,32098.2,25094.2
238.349,hgs_child,1,0.353247,27843,25094.2
238.45,hgs_child,1,0.65974,31115.5,25094.2
238.552,hgs_child,1,0.516883,30673.9,25094.2
238.653,hgs_child,1,0.514286,32883.9,25094.2
238.754,hgs_child,1,0.503896,30840.8,25094.2
238.855,hgs_child,1,0.316883,30000.8,25094.2
238.956,hgs_child,1,0.594805,31375.2,25094.2
238.98,hgs_child,0,0.0337662,25556.8,25094.2
239.081,hgs_child,1,0.215584,32100.2,25094.2
239.182,hgs_child,1,0.387013,29746.9,25094.2
239.283,hgs_child,1,0.225974,33351.2,25094.2
239.385,hgs_child,1,0.361039,31531.5,25094.2
239.486,hgs_child,1,0.168831,29112.3,25094.2
239.617,hgs_child,1,0.716883,30422,25094.2
239.643,hgs_child,0,0.0155844,25785.3,25094.2
239.745,hgs_child,1,0.464935,29923.2,25094.2
239.846,hgs_child,1,0.65974,35053.3,25094.2
239.947,hgs_child,1,0.451948,31128.4,25094.2
240.048,hgs_child,1,0.387013,32038.3,25094.2
240.149,hgs_child,1,0.316883,33371.9,25094.2
240.25,hgs_child,1,0.54026,39568.9,25094.2
240.351,hgs_child,1,0.584416,34399.5,25094.2
240.452,hgs_child,1,0.516883,32696.4,25094.2
240.553,hgs_child,1,0.615584,33375.3,25094.2
240.654,hgs_child,1,0.568831,31536.4,25094.2
240.755,hgs_child,1,0.241558,32861.4,25094.2
240.856,hgs_child,1,0.45974,33850.6,25094.2
240.957,hgs_child,1,0.267532,29639.3,25094.2
241.058,hgs_child,1,0.322078,29604.8,25094.2
241.16,hgs_child,1,0.47013,37057.2,25094.2
241.261,hgs_child,1,0.231169,30235.7,25094.2
241.361,hgs_child,1,0.246753,28243,25094.2
241.563,hgs_child,1,0.54026,30265.9,25094.2
241.646,hgs_child,1,0.12987,26003,25094.2
241.747,hgs_child,1,0.667532,34275.7,25094.2
241.848,hgs_child,1,0.65974,29585.6,25094.2
241.949,hgs_child,1,0.506494,33122,25094.2
241.984,hgs_child,0,0.0337662,25556.8,25094.2
242.085,hgs_child,1,0.423377,35715.8,25094.2
242.186,hgs_child,1,0.233766,28398.8,25094.2
242.287,hgs_child,1,0.27013,28302,25094.2
242.388,hgs_child,1,0.742857,37960,25094.2
242.489,hgs_child,1,0.387013,30148.4,25094.2
242.59,hgs_child,1,0.54026,32074,25094.2
242.691,hgs_child,1,0.194805,29967.2,25094.2
242.792,hgs_child,1,0.737662,37867.8,25094.2
242.893,hgs_child,1,0.654545,37259.4,25094.2
242.994,hgs_child,1,0.477922,30077.5,25094.2
243.096,hgs_child,1,0.758442,38366.7,25094.2
243.197,hgs_child,1,0.12987,26739.6,25094.2
243.298,hgs_child,1,0.612987,31045.8,25094.2
243.399,hgs_child,1,0.768831,38249.2,25094.2
243.5,hgs_child,1,0.296104,27065.7,25094.2
243.601,hgs_child,1,0.345455,34042.2,25094.2
243.702,hgs_child,1,0.381818,32918.1,25094.2
243.803,hgs_child,1,0.574026,32845.4,25094.2
243.904,hgs_child,1,0.161039,27074,25094.2
244.005,hgs_child,1,0.52987,31915.9,25094.2
244.106,hgs_child,1,0.72987,30895.4,25094.2
244.207,hgs_child,1,0.451948,32919.3,25094.2
244.308,hgs_child,1,0.794805,41437,25094.2
244.41,hgs_child,1,0.415584,31530.2,25094.2
244.511,hgs_child,1,0.122078,26782.8,25094.2
244.612,hgs_child,1,0.262338,32768.1,25094.2
244.713,hgs_child,1,0.688312,32138.5,25094.2
244.814,hgs_child,1,0.709091,37991.6,25094.2
244.915,hgs_child,1,0.724675,37782.3,25094.2
245.033,hgs_child,0,0.0415584,25556.8,25094.2
245.134,hgs_child,1,0.407792,28911,25094.2
245.235,hgs_child,1,0.446753,32545.3,25094.2
245.336,hgs_child,1,0.181818,29177.7,25094.2
245.363,worker_0,0,0.0675325,25110.5,25094.2
245.437,hgs_child,1,0.594805,28917.8,25094.2
245.539,hgs_child,1,0.597403,33171.3,25094.2
245.64,hgs_child,1,0.218182,28556.6,25094.2
245.741,hgs_child,1,0.374026,34771.2,25094.2
245.842,hgs_child,1,0.423377,33853.9,25094.2
245.943,hgs_child,1,0.714286,32508.1,25094.2
246.044,hgs_child,1,0.605195,38727,25094.2
246.145,hgs_child,1,0.368831,33139.5,25094.2
246.246,hgs_child,1,0.415584,29711.1,25094.2
246.347,hgs_child,1,0.462338,33357.5,25094.2
246.487,hgs_child,1,0.761039,36378,25094.2
246.588,hgs_child,1,0.41039,33961.1,25094.2
246.689,hgs_child,1,0.722078,30921.2,25094.2
246.79,hgs_child,1,0.272727,34142.6,25094.2
246.891,hgs_child,1,0.379221,36392.8,25094.2
246.992,hgs_child,1,0.296104,29974.4,25094.2
247.093,hgs_child,1,0.753247,38140.6,25094.2
247.194,hgs_child,1,0.251948,29998.8,25094.2
247.295,hgs_child,1,0.6,29613.9,25094.2
247.396,hgs_child,1,0.387013,31442.5,25094.2
247.497,hgs_child,1,0.332468,30512.4,25094.2
247.598,hgs_child,1,0.215584,27707,25094.2
247.699,hgs_child,1,0.701299,38743.6,25094.2
247.8,hgs_child,1,0.218182,32474.5,25094.2
247.901,hgs_child,1,0.496104,29934.3,25094.2
248.002,hgs_child,1,0.166234,26926.5,25094.2
248.103,hgs_child,1,0.184416,30433.9,25094.2
248.204,hgs_child,1,0.698701,39910.2,25094.2
248.305,hgs_child,1,0.197403,30581.8,25094.2
248.406,hgs_child,1,0.587013,38468.8,25094.2
248.507,hgs_child,1,0.246753,29876.6,25094.2
248.536,hgs_child,1,0.103896,26025.5,25094.2
248.637,hgs_child,1,0.631169,30818.4,25094.2
248.738,hgs_child,1,0.724675,34626.1,25094.2
248.839,hgs_child,1,0.701299,30988.3,25094.2
248.94,hgs_child,1,0.192208,26469,25094.2
249.041,hgs_child,1,0.433766,34432.9,25094.2
249.074,hgs_child,0,0.0519481,25127,25094.2
249.175,hgs_child,1,0.303896,31846.3,25094.2
249.258,hgs_child,1,0.2,26428.2,25094.2
249.36,hgs_child,1,0.558442,34750.6,25094.2
249.442,hgs_child,1,0.150649,31324.8,25094.2
249.543,hgs_child,1,0.303896,27950,25094.2
249.644,hgs_child,1,0.309091,30056.4,25094.2
249.745,hgs_child,1,0.363636,30815.7,25094.2
249.827,hgs_child,1,0.290909,28966.2,25094.2
249.928,hgs_child,1,0.462338,33826,25094.2
250.029,hgs_child,1,0.67013,36209.5,25094.2
250.13,hgs_child,1,0.335065,33202.5,25094.2
250.189,hgs_child,0,0.0935065,25486.8,25094.2
250.29,hgs_child,1,0.535065,28844.7,25094.2
250.393,hgs_child,1,0.423377,35379.2,25094.2
250.495,hgs_child,1,0.345455,35369.6,25094.2
250.597,hgs_child,1,0.184416,29438.7,25094.2
250.698,hgs_child,1,0.641558,30236.1,25094.2
250.8,hgs_child,1,0.514286,33706.4,25094.2
250.901,hgs_child,1,0.735065,30543.2,25094.2
251.002,hgs_child,1,0.488312,33590.1,25094.2
251.103,hgs_child,1,0.324675,34028.8,25094.2
251.204,hgs_child,1,0.38961,32123.2,25094.2
251.305,hgs_child,1,0.550649,32857.3,25094.2
251.406,hgs_child,1,0.228571,31403.4,25094.2
251.508,hgs_child,1,0.490909,32820.4,25094.2
251.608,hgs_child,1,0.163636,27708.9,25094.2
251.71,hgs_child,1,0.680519,36604.9,25094.2
251.811,hgs_child,1,0.451948,36400.1,25094.2
251.912,hgs_child,1,0.667532,33029.9,25094.2
252.013,hgs_child,1,0.171429,31205.8,25094.2
252.114,hgs_child,1,0.161039,28791.2,25094.2
252.215,hgs_child,1,0.638961,36739.4,25094.2
252.316,hgs_child,1,0.701299,35378,25094.2
252.441,hgs_child,1,0.58961,36087.4,25094.2
252.547,hgs_child,1,0.709091,32958.1,25094.2
252.648,hgs_child,1,0.337662,33128.2,25094.2
252.749,hgs_child,1,0.207792,30128.7,25094.2
252.85,hgs_child,1,0.574026,34674.9,25094.2
252.952,hgs_child,1,0.592208,37013.4,25094.2
253.053,hgs_child,1,0.61039,32708.8,25094.2
253.155,hgs_child,1,0.74026,31589.7,25094.2
253.256,hgs_child,1,0.311688,29335.7,25094.2
253.357,hgs_child,1,0.371429,31888.5,25094.2
253.458,hgs_child,1,0.379221,32143.9,25094.2
253.559,hgs_child,1,0.493506,38798.2,25094.2
253.66,hgs_child,1,0.358442,29172,25094.2
253.761,hgs_child,1,0.415584,30777.4,25094.2
253.862,hgs_child,1,0.168831,29711.3,25094.2
253.963,hgs_child,1,0.696104,33256,25094.2
254.064,hgs_child,1,0.683117,32657.7,25094.2
254.165,hgs_child,1,0.241558,30254.9,25094.2
254.266,hgs_child,1,0.480519,32048.1,25094.2
254.368,hgs_child,1,0.771429,33606.5,25094.2
254.47,hgs_child,1,0.47013,33672.3,25094.2
254.571,hgs_child,1,0.755844,38821.1,25094.2
254.673,hgs_child,1,0.558442,33239.9,25094.2
254.774,hgs_child,1,0.524675,37846.2,25094.2
254.875,hgs_child,1,0.711688,32067.4,25094.2
254.976,hgs_child,1,0.306494,29491.1,25094.2
255.177,hgs_child,1,0.576623,33778.7,25094.2
255.278,hgs_child,1,0.353247,34214.2,25094.2
255.31,worker_0,0,0.0805195,25108.8,25094.2
255.323,worker_0,0,0.0857143,25108.2,25094.2
255.332,hgs_child,0,0.0649351,26164.1,25094.2
255.386,worker_0,1,0.124675,25103.7,25094.2
255.433,hgs_child,1,0.218182,27927,25094.2
255.534,hgs_child,1,0.703896,34627.6,25094.2
255.635,hgs_child,1,0.202597,27039,25094.2
255.736,hgs_child,1,0.722078,29447.6,25094.2
255.837,hgs_child,1,0.714286,34389.1,25094.2
255.939,hgs_child,1,0.207792,31621.9,25094.2
256.039,hgs_child,1,0.166234,27637.2,25094.2
256.141,hgs_child,1,0.672727,31580.8,25094.2
256.242,hgs_child,1,0.735065,33222.2,25094.2
256.343,hgs_child,1,0.332468,30415.2,25094.2
256.444,hgs_child,1,0.625974,30271.8,25094.2
256.545,hgs_child,1,0.358442,32858.1,25094.2
256.646,hgs_child,1,0.579221,41904.1,25094.2
256.747,hgs_child,1,0.322078,28597.9,25094.2
256.848,hgs_child,1,0.451948,32879.1,25094.2
256.951,hgs_child,1,0.716883,36005.9,25094.2
257.153,hgs_child,1,0.18961,34864.1,25094.2
257.256,hgs_child,1,0.524675,31137.9,25094.2
257.358,hgs_child,1,0.688312,35456.7,25094.2
257.46,hgs_child,1,0.4,32556,25094.2
257.561,hgs_child,1,0.475325,33907.2,25094.2
257.662,hgs_child,1,0.490909,29009.1,25094.2
257.763,hgs_child,1,0.605195,36737.7,25094.2
257.865,hgs_child,1,0.761039,38205.2,25094.2
257.966,hgs_child,1,0.748052,34996.3,25094.2
258.067,hgs_child,1,0.205195,32216.3,25094.2
258.168,hgs_child,1,0.54026,34555.3,25094.2
258.269,hgs_child,1,0.638961,36818.4,25094.2
258.37,hgs_child,1,0.345455,31157.5,25094.2
258.471,hgs_child,1,0.267532,30135.5,25094.2
258.572,hgs_child,1,0.644156,33392.9,25094.2
258.673,hgs_child,1,0.431169,34510.6,25094.2
258.728,hgs_child,0,0.0883117,26192.1,25094.2
258.829,hgs_child,1,0.272727,32076.9,25094.2
258.93,hgs_child,1,0.532468,35803.5,25094.2
259.032,hgs_child,1,0.750649,32583.7,25094.2
259.133,hgs_child,1,0.254545,30443.1,25094.2
259.234,hgs_child,1,0.685714,32611.1,25094.2
259.339,hgs_child,1,0.646753,30335.5,25094.2
259.422,hgs_child,1,0.137662,26602,25094.2
259.524,hgs_child,1,0.753247,31782.6,25094.2
259.625,hgs_child,1,0.25974,30863.6,25094.2
259.726,hgs_child,1,0.296104,28368.2,25094.2
259.827,hgs_child,1,0.65974,32932.3,25094.2
259.928,hgs_child,1,0.363636,31021.3,25094.2
260.029,hgs_child,1,0.571429,33633.6,25094.2
260.13,hgs_child,1,0.675325,34233.8,25094.2
260.231,hgs_child,1,0.779221,39810.1,25094.2
260.332,hgs_child,1,0.724675,30322.3,25094.2
260.433,hgs_child,1,0.197403,31753.8,25094.2
260.534,hgs_child,1,0.142857,27905.8,25094.2
260.636,hgs_child,1,0.615584,31656,25094.2
260.737,hgs_child,1,0.779221,34412.8,25094.2
260.838,hgs_child,1,0.462338,33746.3,25094.2
260.939,hgs_child,1,0.181818,28420.8,25094.2
261.04,hgs_child,1,0.633766,31045.2,25094.2
261.141,hgs_child,1,0.65974,34314.2,25094.2
261.242,hgs_child,1,0.174026,31943.1,25094.2
261.343,hgs_child,1,0.418182,37323.6,25094.2
261.372,hgs_child,0,0.0597403,25616.8,25094.2
261.473,hgs_child,1,0.215584,29536.4,25094.2
261.574,hgs_child,1,0.574026,35192.5,25094.2
261.675,hgs_child,1,0.457143,33883.7,25094.2
261.776,hgs_child,1,0.402597,34933.8,25094.2
261.878,hgs_child,1,0.696104,32873.7,25094.2
261.979,hgs_child,1,0.735065,38871.9,25094.2
262.08,hgs_child,1,0.233766,34471,25094.2
262.181,hgs_child,1,0.420779,35384.8,25094.2
262.282,hgs_child,1,0.296104,29095.1,25094.2
262.383,hgs_child,1,0.412987,31266.4,25094.2
262.484,hgs_child,1,0.168831,28910.2,25094.2
262.585,hgs_child,1,0.753247,32831.8,25094.2
262.686,hgs_child,1,0.212987,28026.5,25094.2
262.787,hgs_child,1,0.722078,38458.9,25094.2
262.888,hgs_child,1,0.441558,35273.7,25094.2
262.99,hgs_child,1,0.701299,32233.1,25094.2
263.091,hgs_child,1,0.366234,31426.7,25094.2
263.192,hgs_child,1,0.568831,38602.6,25094.2
263.293,hgs_child,1,0.348052,27398.7,25094.2
263.394,hgs_child,1,0.228571,28853.5,25094.2
263.495,hgs_child,1,0.192208,32483.2,25094.2
263.596,hgs_child,1,0.179221,28492.9,25094.2
263.697,hgs_child,1,0.581818,31182.5,25094.2
263.798,hgs_child,1,0.407792,36625.6,25094.2
263.899,hgs_child,1,0.820779,39306.2,25094.2
264,hgs_child,1,0.316883,30784,25094.2
264.201,hgs_child,1,0.176623,26898.4,25094.2
264.302,hgs_child,1,0.205195,34332.6,25094.2
264.403,hgs_child,1,0.184416,26669.7,25094.2
264.504,hgs_child,1,0.366234,35116.1,25094.2
264.606,hgs_child,1,0.696104,36866.2,25094.2
264.707,hgs_child,1,0.735065,31005.9,25094.2
264.808,hgs_child,1,0.477922,31151.8,25094.2
264.909,hgs_child,1,0.249351,30044.5,25094.2
265.011,hgs_child,1,0.553247,35192.3,25094.2
265.112,hgs_child,1,0.485714,35580.8,25094.2
265.213,hgs_child,1,0.306494,31343.5,25094.2
265.314,hgs_child,1,0.431169,33818.7,25094.2
265.415,hgs_child,1,0.574026,34182.1,25094.2
265.516,hgs_child,1,0.433766,35076.2,25094.2
265.617,hgs_child,1,0.428571,35433,25094.2
265.718,hgs_child,1,0.61039,34722.5,25094.2
265.819,hgs_child,1,0.381818,34354,25094.2
265.92,hgs_child,1,0.18961,27418.7,25094.2
266.021,hgs_child,1,0.574026,30973.1,25094.2
266.122,hgs_child,1,0.137662,26524.6,25094.2
266.2,hgs_child,1,0.135065,25447.8,25094.2
266.301,hgs_child,1,0.41039,32782.5,25094.2
266.325,hgs_child,0,0.012987,26704.7,25094.2
266.427,hgs_child,1,0.405195,29430.3,25094.2
266.528,hgs_child,1,0.685714,32464.9,25094.2
266.584,hgs_child,1,0.116883,25683.7,25094.2
266.685,hgs_child,1,0.654545,31454.8,25094.2
266.786,hgs_child,1,0.493506,32250.5,25094.2
266.888,hgs_child,1,0.696104,35246.1,25094.2
266.989,hgs_child,1,0.615584,39719.9,25094.2
267.093,hgs_child,0,0.00519481,25663.9,25094.2
267.194,hgs_child,1,0.498701,28273.5,25094.2
267.295,hgs_child,1,0.597403,33730.6,25094.2
267.396,hgs_child,1,0.283117,28336.4,25094.2
267.497,hgs_child,1,0.306494,33212.4,25094.2
267.598,hgs_child,1,0.319481,35786.2,25094.2
267.699,hgs_child,1,0.636364,33081,25094.2
267.744,hgs_child,1,0.2,25724.2,25094.2
267.845,hgs_child,1,0.272727,28179.9,25094.2
267.947,hgs_child,1,0.171429,28201.6,25094.2
268.148,hgs_child,1,0.566234,32900.8,25094.2
268.249,hgs_child,1,0.355844,31367,25094.2
268.35,hgs_child,1,0.690909,32517,25094.2
268.552,hgs_child,1,0.753247,32998.8,25094.2
268.556,hgs_child,0,0.00779221,25487.7,25094.2
268.657,hgs_child,1,0.353247,35429.8,25094.2
268.858,hgs_child,1,0.257143,28692.7,25094.2
268.959,hgs_child,1,0.415584,31534.7,25094.2
269.06,hgs_child,1,0.272727,30417,25094.2
269.161,hgs_child,1,0.58961,33305.9,25094.2
269.262,hgs_child,1,0.475325,37733.6,25094.2
269.363,hgs_child,1,0.620779,33798.6,25094.2
269.464,hgs_child,1,0.493506,32396.8,25094.2
269.565,hgs_child,1,0.311688,30896.1,25094.2
269.667,hgs_child,1,0.366234,33267.5,25094.2
269.768,hgs_child,1,0.711688,39993.2,25094.2
269.869,hgs_child,1,0.537662,33826.9,25094.2
269.97,hgs_child,1,0.498701,32604.9,25094.2
270.071,hgs_child,1,0.246753,35348.2,25094.2
270.172,hgs_child,1,0.47013,29497.1,25094.2
270.273,hgs_child,1,0.402597,34631.5,25094.2
270.375,hgs_child,1,0.490909,34966.7,25094.2
270.477,hgs_child,1,0.6,34408.6,25094.2
270.581,hgs_child,1,0.231169,30290,25094.2
270.683,hgs_child,1,0.249351,32653.8,25094.2
270.784,hgs_child,1,0.397403,34379.4,25094.2
270.885,hgs_child,1,0.571429,35422.1,25094.2
270.987,hgs_child,1,0.472727,32015.8,25094.2
271.09,hgs_child,1,0.78961,32021.7,25094.2
271.098,hgs_child,0,0,25162.9,25094.2
271.199,hgs_child,1,0.503896,30438.4,25094.2
271.3,hgs_child,1,0.137662,28725.4,25094.2
271.401,hgs_child,1,0.381818,33035.6,25094.2
271.502,hgs_child,1,0.745455,36912,25094.2
271.604,hgs_child,1,0.509091,32503.4,25094.2
271.705,hgs_child,1,0.535065,31515.8,25094.2
271.806,hgs_child,1,0.722078,42482.4,25094.2
271.907,hgs_child,1,0.797403,34189.6,25094.2
272.008,hgs_child,1,0.732468,30472.5,25094.2
272.109,hgs_child,1,0.537662,34748.6,25094.2
272.21,hgs_child,1,0.168831,26914.2,25094.2
272.311,hgs_child,1,0.633766,33159.5,25094.2
272.412,hgs_child,1,0.65974,35706.7,25094.2
272.513,hgs_child,1,0.384416,36232.2,25094.2
272.614,hgs_child,1,0.644156,32641.5,25094.2
272.694,hgs_child,0,0.0857143,25256.4,25094.2
272.795,hgs_child,1,0.150649,27107.6,25094.2
272.896,hgs_child,1,0.631169,32184.7,25094.2
272.997,hgs_child,1,0.65974,29657.5,25094.2
273.098,hgs_child,1,0.555844,31279.4,25094.2
273.198,hgs_child,1,0.218182,29976.9,25094.2
273.299,hgs_child,1,0.735065,36150.6,25094.2
273.307,hgs_child,0,0,25162.9,25094.2
273.409,hgs_child,1,0.732468,41571.4,25094.2
273.51,hgs_child,1,0.672727,34718.7,25094.2
273.611,hgs_child,1,0.672727,33196.8,25094.2
273.712,hgs_child,1,0.503896,33977.9,25094.2
273.813,hgs_child,1,0.680519,36240.7,25094.2
273.914,hgs_child,1,0.698701,37384.3,25094.2
274.015,hgs_child,1,0.545455,33744,25094.2
274.116,hgs_child,1,0.231169,28347.4,25094.2
274.217,hgs_child,1,0.620779,32110.6,25094.2
274.318,hgs_child,1,0.522078,33990.3,25094.2
274.419,hgs_child,1,0.651948,32067,25094.2
274.52,hgs_child,1,0.283117,32302.3,25094.2
274.721,hgs_child,1,0.477922,35647.7,25094.2
274.823,hgs_child,1,0.355844,31716.9,25094.2
274.924,hgs_child,1,0.290909,27956.2,25094.2
275.025,hgs_child,1,0.755844,33380.7,25094.2
275.126,hgs_child,1,0.605195,31607.5,25094.2
275.227,hgs_child,1,0.602597,28627.4,25094.2
275.328,hgs_child,1,0.550649,33836.6,25094.2
275.43,hgs_child,1,0.485714,34345.2,25094.2
275.531,hgs_child,1,0.636364,33160.2,25094.2
275.632,hgs_child,1,0.625974,33106.8,25094.2
275.733,hgs_child,1,0.306494,28979,25094.2
275.834,hgs_child,1,0.231169,28056.1,25094.2
275.927,hgs_child,1,0.179221,26360.5,25094.2
276.028,hgs_child,1,0.275325,27480.5,25094.2
276.129,hgs_child,1,0.550649,29858,25094.2
276.23,hgs_child,1,0.311688,29881.6,25094.2
276.331,hgs_child,1,0.431169,30976.7,25094.2
276.432,hgs_child,1,0.350649,30341.9,25094.2
276.533,hgs_child,1,0.38961,34221.8,25094.2
276.634,hgs_child,1,0.135065,26609.8,25094.2
276.735,hgs_child,1,0.480519,31708.5,25094.2
276.836,hgs_child,1,0.501299,32898.1,25094.2
276.937,hgs_child,1,0.21039,26937.9,25094.2
277.038,hgs_child,1,0.714286,31495.8,25094.2
277.14,hgs_child,1,0.446753,37029.7,25094.2
277.241,hgs_child,1,0.4,30816.1,25094.2
277.342,hgs_child,1,0.584416,34029.6,25094.2
277.412,hgs_child,0,0.0831169,25786.1,25094.2
277.513,hgs_child,1,0.561039,35114.2,25094.2
277.625,hgs_child,1,0.231169,30911.2,25094.2
277.727,hgs_child,1,0.47013,37761,25094.2
277.828,hgs_child,1,0.605195,28627.4,25094.2
277.929,hgs_child,1,0.319481,26950.7,25094.2
278.03,hgs_child,1,0.446753,32295.8,25094.2
278.191,hgs_child,1,0.366234,30585.4,25094.2
278.292,hgs_child,1,0.457143,34014.5,25094.2
278.394,hgs_child,1,0.74026,34400.9,25094.2
278.495,hgs_child,1,0.431169,33391.1,25094.2
278.596,hgs_child,1,0.47013,34089.6,25094.2
278.697,hgs_child,1,0.742857,37302.2,25094.2
278.799,hgs_child,1,0.542857,32067.8,25094.2
278.9,hgs_child,1,0.311688,29043,25094.2
279.001,hgs_child,1,0.225974,32805.8,25094.2
279.065,hgs_child,1,0.150649,26431.3,25094.2
279.166,hgs_child,1,0.412987,33130.7,25094.2
279.267,hgs_child,1,0.667532,35044.2,25094.2
279.369,hgs_child,1,0.285714,30721.2,25094.2
279.47,hgs_child,1,0.709091,32523,25094.2
279.571,hgs_child,1,0.231169,26300.2,25094.2
279.672,hgs_child,1,0.602597,32088.9,25094.2
279.773,hgs_child,1,0.781818,39640.9,25094.2
279.875,hgs_child,1,0.285714,28431.4,25094.2
279.976,hgs_child,1,0.779221,37804.2,25094.2
280.088,hgs_child,1,0.620779,35119,25094.2
280.189,hgs_child,1,0.241558,28501.5,25094.2
280.39,hgs_child,1,0.446753,33065.9,25094.2
280.492,hgs_child,1,0.628571,35305.7,25094.2
280.593,hgs_child,1,0.501299,36643.2,25094.2
280.694,hgs_child,1,0.657143,33918.9,25094.2
280.795,hgs_child,1,0.550649,31144.5,25094.2
280.896,hgs_child,1,0.667532,30691.3,25094.2
280.997,hgs_child,1,0.745455,35468.1,25094.2
281.098,hgs_child,1,0.288312,28082.7,25094.2
281.199,hgs_child,1,0.693506,37803.1,25094.2
281.276,hgs_child,1,0.285714,26861.3,25094.2
281.377,hgs_child,1,0.249351,28783.1,25094.2
281.478,hgs_child,1,0.194805,27947.2,25094.2
281.579,hgs_child,1,0.251948,30830.8,25094.2
281.68,hgs_child,1,0.4,30667.5,25094.2
281.781,hgs_child,1,0.176623,27531.3,25094.2
281.877,hgs_child,1,0.187013,26170.9,25094.2
281.958,hgs_child,1,0.231169,26863.1,25094.2
282.059,hgs_child,1,0.722078,36613.4,25094.2
282.16,hgs_child,1,0.633766,36582.1,25094.2
282.261,hgs_child,1,0.633766,34260.7,25094.2
282.362,hgs_child,1,0.779221,38696.3,25094.2
282.463,hgs_child,1,0.215584,31715.1,25094.2
282.564,hgs_child,1,0.205195,27472,25094.2
282.665,hgs_child,1,0.197403,30429.5,25094.2
282.766,hgs_child,1,0.522078,29506.4,25094.2
282.811,worker_1,0,0.0753247,25057.6,25094.2
282.867,hgs_child,1,0.722078,39196.6,25094.2
282.969,hgs_child,1,0.285714,34223.9,25094.2
283.07,hgs_child,1,0.197403,27430.4,25094.2
283.171,hgs_child,1,0.612987,34254.4,25094.2
283.272,hgs_child,1,0.623377,33347.3,25094.2
283.373,hgs_child,1,0.537662,32402.6,25094.2
283.475,hgs_child,1,0.41039,30117.6,25094.2
283.576,hgs_child,1,0.392208,31280.7,25094.2
283.777,hgs_child,1,0.25974,32610.9,25094.2
283.878,hgs_child,1,0.298701,30349.9,25094.2
283.979,hgs_child,1,0.446753,31891.6,25094.2
284.08,hgs_child,1,0.376623,34888.5,25094.2
284.181,hgs_child,1,0.296104,32919.1,25094.2
284.282,hgs_child,1,0.179221,30447.1,25094.2
284.357,hgs_child,1,0.197403,27582.5,25094.2
284.458,hgs_child,1,0.646753,31042.6,25094.2
284.559,hgs_child,1,0.220779,27743.5,25094.2
284.66,hgs_child,1,0.280519,33690.1,25094.2
284.737,hgs_child,0,0.0831169,27302.1,25094.2
284.838,hgs_child,1,0.345455,30743.9,25094.2
284.94,hgs_child,1,0.451948,37654.8,25094.2
285.041,hgs_child,1,0.690909,29072.1,25094.2
285.142,hgs_child,1,0.368831,29744.5,25094.2
285.244,hgs_child,1,0.779221,32206.9,25094.2
285.345,hgs_child,1,0.597403,38458.2,25094.2
285.446,hgs_child,1,0.485714,37448.9,25094.2
285.547,hgs_child,1,0.724675,38715,25094.2
285.648,hgs_child,1,0.662338,32558.1,25094.2
285.668,hgs_child,1,0.148052,25619.9,25094.2
285.769,hgs_child,1,0.563636,34723.3,25094.2
285.87,hgs_child,1,0.724675,37237.8,25094.2
285.971,hgs_child,1,0.771429,35044.8,25094.2
286.072,hgs_child,1,0.21039,31488.8,25094.2
286.173,hgs_child,1,0.649351,33263,25094.2
286.274,hgs_child,1,0.205195,26618.3,25094.2
286.375,hgs_child,1,0.155844,27914,25094.2
286.476,hgs_child,1,0.680519,32943.3,25094.2
286.577,hgs_child,1,0.509091,34670.7,25094.2
286.584,hgs_child,0,0.0103896,26699.2,25094.2
286.686,hgs_child,1,0.244156,31492,25094.2
286.787,hgs_child,1,0.550649,30907.1,25094.2
286.888,hgs_child,1,0.194805,30212.6,25094.2
286.989,hgs_child,1,0.576623,31998.8,25094.2
287.09,hgs_child,1,0.275325,30422.3,25094.2
287.167,hgs_child,1,0.148052,28338.8,25094.2
287.268,hgs_child,1,0.638961,32133.9,25094.2
287.369,hgs_child,1,0.498701,34731.4,25094.2
287.47,hgs_child,1,0.267532,32088.2,25094.2
287.572,hgs_child,1,0.701299,30583.3,25094.2
287.673,hgs_child,1,0.355844,31373.6,25094.2
287.774,hgs_child,1,0.236364,35165.4,25094.2
287.875,hgs_child,1,0.277922,35096.9,25094.2
287.976,hgs_child,1,0.309091,28587,25094.2
288.077,hgs_child,1,0.236364,31087.2,25094.2
288.178,hgs_child,1,0.161039,28280.5,25094.2
288.279,hgs_child,1,0.561039,33188.9,25094.2
288.38,hgs_child,1,0.522078,29568.7,25094.2
288.481,hgs_child,1,0.709091,38882.1,25094.2
288.582,hgs_child,1,0.672727,34026,25094.2
288.636,hgs_child,1,0.101299,25821.4,25094.2
288.671,hgs_child,0,0.0571429,25516.7,25094.2
288.772,hgs_child,1,0.511688,33938.8,25094.2
288.873,hgs_child,1,0.649351,34051.8,25094.2
288.88,hgs_child,0,0,25162.9,25094.2
288.981,hgs_child,1,0.262338,28476.7,25094.2
289.182,hgs_child,1,0.8,36400.5,25094.2
289.283,hgs_child,1,0.477922,35110.8,25094.2
289.384,hgs_child,1,0.298701,28440.4,25094.2
289.485,hgs_child,1,0.537662,33856.9,25094.2
289.489,hgs_child,0,0.00519481,25162.9,25094.2
289.59,hgs_child,1,0.677922,33162.9,25094.2
289.691,hgs_child,1,0.207792,28855.2,25094.2
289.792,hgs_child,1,0.319481,29862,25094.2
289.893,hgs_child,1,0.542857,33083.5,25094.2
290.095,hgs_child,1,0.477922,32667.7,25094.2
290.196,hgs_child,1,0.649351,34825.5,25094.2
290.297,hgs_child,1,0.542857,37707.9,25094.2
290.398,hgs_child,1,0.542857,33390.1,25094.2
290.499,hgs_child,1,0.187013,26051.7,25094.2
290.6,hgs_child,1,0.405195,33728.1,25094.2
290.701,hgs_child,1,0.584416,37585.3,25094.2
290.903,hgs_child,1,0.753247,36593,25094.2
291.004,hgs_child,1,0.61039,37235.4,25094.2
291.105,hgs_child,1,0.633766,39122.8,25094.2
291.206,hgs_child,1,0.755844,37769.7,25094.2
291.307,hgs_child,1,0.774026,41126.4,25094.2
291.408,hgs_child,1,0.724675,36688.2,25094.2
291.511,hgs_child,1,0.207792,28058.4,25094.2
291.712,hgs_child,1,0.467532,28128.2,25094.2
291.813,hgs_child,1,0.688312,30297.1,25094.2
291.914,hgs_child,1,0.38961,34963.3,25094.2
292.015,hgs_child,1,0.420779,32007,25094.2
292.116,hgs_child,1,0.25974,35322.8,25094.2
292.217,hgs_child,1,0.477922,38124,25094.2
292.318,hgs_child,1,0.483117,39018.9,25094.2
292.42,hgs_child,1,0.574026,34080.3,25094.2
292.499,hgs_child,1,0.220779,26791.7,25094.2
292.6,hgs_child,1,0.644156,32000.1,25094.2
292.701,hgs_child,1,0.132468,27562.1,25094.2
292.802,hgs_child,1,0.361039,31324.7,25094.2
292.903,hgs_child,1,0.293506,35933.7,25094.2
293.004,hgs_child,1,0.677922,38206.7,25094.2
293.306,hgs_child,1,0.451948,31959.8,25094.2
293.407,hgs_child,1,0.792208,41081.2,25094.2
293.508,hgs_child,1,0.412987,31268.1,25094.2
293.609,hgs_child,1,0.766234,38154.6,25094.2
293.71,hgs_child,1,0.324675,29538.3,25094.2
293.811,hgs_child,1,0.522078,34940.2,25094.2
293.912,hgs_child,1,0.467532,32920.7,25094.2
294.014,hgs_child,1,0.714286,32890.4,25094.2
294.115,hgs_child,1,0.277922,31212.1,25094.2
294.216,hgs_child,1,0.425974,32943.4,25094.2
294.317,hgs_child,1,0.161039,28065,25094.2
294.418,hgs_child,1,0.722078,34612.7,25094.2
294.519,hgs_child,1,0.511688,32058.2,25094.2
294.621,hgs_child,1,0.392208,30512.9,25094.2
294.722,hgs_child,1,0.293506,30368.7,25094.2
294.823,hgs_child,1,0.14026,31311.7,25094.2
294.924,hgs_child,1,0.693506,32635.9,25094.2
294.947,hgs_child,0,0.0493506,29401.4,25094.2
295.048,hgs_child,1,0.623377,37538.6,25094.2
295.149,hgs_child,1,0.181818,34605.5,25094.2
295.242,hgs_child,1,0.262338,28844.3,25094.2
295.343,hgs_child,1,0.233766,33867.8,25094.2
295.444,hgs_child,1,0.680519,39977.2,25094.2
295.545,hgs_child,1,0.376623,35622.3,25094.2
295.646,hgs_child,1,0.407792,28541.4,25094.2
295.747,hgs_child,1,0.288312,31199.1,25094.2
295.848,hgs_child,1,0.433766,32217.9,25094.2
295.949,hgs_child,1,0.314286,27473.3,25094.2
296.05,hgs_child,1,0.493506,30850.7,25094.2
296.151,hgs_child,1,0.488312,32968.5,25094.2
296.253,hgs_child,1,0.641558,28814.3,25094.2
296.341,hgs_child,1,0.161039,28387.3,25094.2
296.442,hgs_child,1,0.431169,29623.4,25094.2
296.543,hgs_child,1,0.711688,32202.9,25094.2
296.644,hgs_child,1,0.228571,31508.2,25094.2
296.745,hgs_child,1,0.766234,38922.9,25094.2
296.846,hgs_child,1,0.753247,39035.3,25094.2
296.947,hgs_child,1,0.753247,34039.4,25094.2
297.048,hgs_child,1,0.423377,32964.1,25094.2
297.149,hgs_child,1,0.314286,33142.2,25094.2
297.25,hgs_child,1,0.387013,30181.1,25094.2
297.351,hgs_child,1,0.592208,30746.6,25094.2
297.451,hgs_child,0,0.0623377,25602,25094.2
297.552,hgs_child,1,0.348052,35400.3,25094.2
297.635,hgs_child,0,0.0701299,26704.5,25094.2
297.736,hgs_child,1,0.293506,35912.8,25094.2
297.837,hgs_child,1,0.158442,27856.5,25094.2
298.038,hgs_child,1,0.420779,32867.6,25094.2
298.139,hgs_child,1,0.592208,35726.7,25094.2
298.24,hgs_child,1,0.223377,26966.9,25094.2
298.341,hgs_child,1,0.61039,37038.2,25094.2
298.442,hgs_child,1,0.696104,32268.3,25094.2
298.543,hgs_child,1,0.244156,31288,25094.2
298.644,hgs_child,1,0.706494,34766.8,25094.2
298.745,hgs_child,1,0.361039,28382.4,25094.2
298.846,hgs_child,1,0.21039,30038.3,25094.2
298.947,hgs_child,1,0.387013,31584.2,25094.2
298.98,hgs_child,0,0.0831169,25257,25094.2
299.035,hgs_child,1,0.124675,26973,25094.2
299.136,hgs_child,1,0.161039,28492.9,25094.2
299.237,hgs_child,1,0.212987,26050.7,25094.2
299.338,hgs_child,1,0.524675,36596,25094.2
299.439,hgs_child,1,0.501299,34834.1,25094.2
299.51,hgs_child,0,0.0857143,29443.4,25094.2
299.611,hgs_child,1,0.561039,38511.8,25094.2
299.712,hgs_child,1,0.166234,30011.5,25094.2
299.813,hgs_child,1,0.355844,33206.6,25094.2
299.914,hgs_child,1,0.412987,31397.5,25094.2
300.001,hgs_child,1,0.166234,30537.7,25094.2
